symbol,datetime,close,obi,open,high,low
AAPL,2026-02-07 09:30:00,100.0263967496792,-0.3844511332553542,99.99784361335001,100.03269457099798,99.9678154552879
AAPL,2026-02-07 09:31:00,100.06585546168206,-0.28600990595769743,100.02742580148302,100.08716067880084,99.97943545050438
AAPL,2026-02-07 09:32:00,100.13239837123382,0.04282736072517458,100.17427159901465,100.19178051970479,100.10639895791353
AAPL,2026-02-07 09:33:00,100.37635481463263,0.11771504810010075,100.32975332399505,100.41040140253766,100.3134620300214
AAPL,2026-02-07 09:34:00,100.403444635336,0.1874852964311285,100.37963206734132,100.43237220719833,100.35708391136842
AAPL,2026-02-07 09:35:00,100.33719948499275,-0.028912413972167206,100.35010962523107,100.38348970270994,100.31613492792718
AAPL,2026-02-07 09:36:00,100.39989336037905,-0.9049459188817752,100.42095450454623,100.42774781348604,100.37103383555299
AAPL,2026-02-07 09:37:00,100.27049538764604,0.3841179032459786,100.28868566089888,100.33485349453998,100.22499186245342
AAPL,2026-02-07 09:38:00,100.38493752406973,-0.1488752406587348,100.42610992520925,100.46689409264836,100.37667630974771
AAPL,2026-02-07 09:39:00,100.29945859714903,0.46736847067512843,100.25482007152482,100.33288601178083,100.23102989956638
AAPL,2026-02-07 09:40:00,100.19777242765055,-0.2427737787939718,100.18423698687083,100.20327935033445,100.1486171498541
AAPL,2026-02-07 09:41:00,100.049789318292,-0.23697335284041823,100.09030072150722,100.12492320026968,100.04507149826128
AAPL,2026-02-07 09:42:00,99.9935367455367,-0.30318235525563497,100.03106590802466,100.06487400335385,99.9588704379043
AAPL,2026-02-07 09:43:00,99.94336893093391,-0.13295664612104938,99.97936634268333,100.01602894537947,99.91944520074547
AAPL,2026-02-07 09:44:00,99.92319747386829,0.02938943129074599,99.88214890603699,99.96965205481334,99.84797940433212
AAPL,2026-02-07 09:45:00,100.0593602288952,0.9060302382870543,100.03558025008742,100.10722996802397,100.0274373614928
AAPL,2026-02-07 09:46:00,99.99258979752726,-0.46265336613269703,100.00799564252593,100.02278549818061,99.96545129802936
AAPL,2026-02-07 09:47:00,99.96295711746068,0.6619793599480759,99.94689343171277,100.01034875865585,99.90337937224491
AAPL,2026-02-07 09:48:00,99.94082989400168,-0.049070411622218306,99.9625767674346,100.01176212148587,99.90197031350012
AAPL,2026-02-07 09:49:00,100.13655636097833,0.03517723224574232,100.11464760914488,100.16232216781967,100.10855028387572
AAPL,2026-02-07 09:50:00,100.15256120139519,-0.20498600137771827,100.19498045106694,100.21317531398903,100.12731888463979
AAPL,2026-02-07 09:51:00,100.22010379985298,0.2826909472708734,100.18694548071338,100.25146187321371,100.17609288390027
AAPL,2026-02-07 09:52:00,100.2722316326835,-0.09382584178945393,100.26002441493245,100.27860580465271,100.25202007149905
AAPL,2026-02-07 09:53:00,100.20055904093017,-0.3318222207325049,100.16725597285937,100.22092655846369,100.14147043425491
AAPL,2026-02-07 09:54:00,100.26927695892768,-0.07805840192724,100.24435302525569,100.30960195730157,100.22423370811832
AAPL,2026-02-07 09:55:00,100.14956074238253,0.34124674564810853,100.10483018590165,100.18958732226648,100.0644951795396
AAPL,2026-02-07 09:56:00,100.03936928363342,0.013908665652202407,100.05528504978096,100.08378673331941,100.03169547647711
AAPL,2026-02-07 09:57:00,99.8890267804321,-0.3053649758368496,99.88813965155988,99.90077179833706,99.87668832351663
AAPL,2026-02-07 09:58:00,99.93899268104634,-0.1388053030434927,99.93822672151805,99.9655281505728,99.92705405712013
AAPL,2026-02-07 09:59:00,100.06014871646222,0.3063254828083943,100.0440921587948,100.07752114938391,100.01416208043798
AAPL,2026-02-07 10:00:00,100.19767881949,-0.1173545355648431,100.23604016241083,100.2703487801577,100.15309420781436
AAPL,2026-02-07 10:01:00,100.24560942908396,0.30616101031635296,100.25449224820389,100.30108758513849,100.20591156690293
AAPL,2026-02-07 10:02:00,100.07300318161144,-0.20967132185535275,100.07665232228337,100.08349486022652,100.05937835407252
AAPL,2026-02-07 10:03:00,100.0260589031028,-0.39002684012213196,100.02056653727382,100.04477573701863,100.00554483701622
AAPL,2026-02-07 10:04:00,100.08067350128191,-0.5253074126538264,100.03783227062013,100.11153816225158,100.02411042934516
AAPL,2026-02-07 10:05:00,100.01114159773178,0.209301386664882,100.03948572508097,100.04429907495063,99.98498756054438
AAPL,2026-02-07 10:06:00,99.89569570088459,0.8780401278387657,99.86759694188703,99.91983116267124,99.8409642677481
AAPL,2026-02-07 10:07:00,99.9091216976512,0.48784145615302493,99.87089241762122,99.9450935461078,99.85243047142119
AAPL,2026-02-07 10:08:00,100.00137309520356,-0.5935711328595554,99.96668051267565,100.01220871445422,99.9512079275966
AAPL,2026-02-07 10:09:00,99.78870016777122,-0.4773875438059865,99.76141719848538,99.79301780934216,99.751331049022
AAPL,2026-02-07 10:10:00,100.0711692522312,0.42958090297754636,100.08354525649696,100.11649139760566,100.04432589698591
AAPL,2026-02-07 10:11:00,99.98651061089555,0.2600401791247511,99.98172241207796,100.03467139132903,99.94858724662923
AAPL,2026-02-07 10:12:00,100.06607775852949,-0.07620901028721326,100.09674365859104,100.10878875443244,100.01724905649725
AAPL,2026-02-07 10:13:00,100.14356030654227,0.039146343830347784,100.17914724778218,100.20489832945412,100.10131694290766
AAPL,2026-02-07 10:14:00,100.20135920793003,0.08841647182364411,100.15557318810593,100.22459737089453,100.13292374529033
AAPL,2026-02-07 10:15:00,100.11390356755199,-0.4939264447949196,100.0817666335992,100.12237255336234,100.06253525787545
AAPL,2026-02-07 10:16:00,100.1007265642185,0.27486542364623373,100.08239928074984,100.12723783716527,100.06484529727224
AAPL,2026-02-07 10:17:00,100.21591744683798,-0.15704234826053087,100.23157092418315,100.23646427463572,100.17874626468395
AAPL,2026-02-07 10:18:00,99.99082924795759,-0.2787179378543651,99.94286693449314,100.01996750200111,99.92583832301808
AAPL,2026-02-07 10:19:00,100.10907292394793,0.7303019077449308,100.06221216381364,100.15722796809811,100.05781716447538
AAPL,2026-02-07 10:20:00,100.07772072773517,0.3705897652819243,100.05636550338888,100.11745222537846,100.03193066820081
AAPL,2026-02-07 10:21:00,100.02725789160587,-0.15425473801322953,100.03492964795936,100.0367517788614,100.01806079075612
AAPL,2026-02-07 10:22:00,100.18660931844352,-0.5802821589193519,100.16058071589627,100.22903692404297,100.12179032567201
AAPL,2026-02-07 10:23:00,100.24820696276981,-0.030914665741909715,100.2802047218041,100.2939879112522,100.20329341144418
AAPL,2026-02-07 10:24:00,100.05336559178946,0.014759228989702666,100.05674107969966,100.07779791453423,100.03815434488864
AAPL,2026-02-07 10:25:00,99.95843398129558,0.36565625114383105,99.98365528185303,99.99301187493992,99.91077214257747
AAPL,2026-02-07 10:26:00,99.94199572200455,0.36330089507178936,99.98384253510238,99.99073340980895,99.9332288210156
AAPL,2026-02-07 10:27:00,99.96125987908131,-0.6469672812009435,99.9282615207784,99.99853608013034,99.9017199363903
AAPL,2026-02-07 10:28:00,99.79260078482697,-0.6067774547605944,99.8142851291787,99.82219867611975,99.74796999154661
AAPL,2026-02-07 10:29:00,99.89985408148071,0.4394428298283371,99.85763364938052,99.94527643911493,99.84510626897321
AAPL,2026-02-07 10:30:00,100.12787993548682,0.7078412672296416,100.15431104646458,100.19119756211887,100.11546050628797
AAPL,2026-02-07 10:31:00,100.12797699358718,-0.21090094132893014,100.11724514632097,100.16255470948576,100.08118797693054
AAPL,2026-02-07 10:32:00,99.98054889413925,0.23779862322435064,100.02527836703582,100.04439337714813,99.97142611387802
AAPL,2026-02-07 10:33:00,99.93400699475293,0.14437383727501996,99.97929647946448,99.99860542461806,99.88436450229852
AAPL,2026-02-07 10:34:00,100.1235547477948,0.1961813685577746,100.16070273633716,100.18361874901979,100.11488387250343
AAPL,2026-02-07 10:35:00,100.11571939794928,0.4809313079172688,100.08685674680022,100.13190017766213,100.05786882278805
AAPL,2026-02-07 10:36:00,100.06275246042216,0.2799268935975953,100.03046453675023,100.07124796019288,100.01883504157232
AAPL,2026-02-07 10:37:00,100.20387404661372,-0.3611016256018861,100.1554203949715,100.23230716658048,100.11145359973175
AAPL,2026-02-07 10:38:00,100.33993898838548,0.11844797779816292,100.30973756160263,100.38854411249507,100.28820178983307
AAPL,2026-02-07 10:39:00,100.5121459450415,-0.38984059586452857,100.46534379343797,100.53026721514394,100.43751289867612
AAPL,2026-02-07 10:40:00,100.65428804102139,0.3570689248502463,100.64974499311747,100.68318896560223,100.61599364457761
AAPL,2026-02-07 10:41:00,100.87275324184658,0.6310632375628947,100.8504338938803,100.91269839887264,100.84752683621196
AAPL,2026-02-07 10:42:00,100.85224057357198,-0.30978343630459615,100.820858536428,100.88337688348066,100.8195994472109
AAPL,2026-02-07 10:43:00,100.98660721756391,0.3578013264047817,100.97366407002106,100.9943393313325,100.96458760459836
AAPL,2026-02-07 10:44:00,101.09380796254116,0.41903626583526493,101.07207997164707,101.10846743627584,101.06713562739442
AAPL,2026-02-07 10:45:00,101.1605626050357,0.7285620442740534,101.14351751879153,101.20700410274482,101.1248277738919
AAPL,2026-02-07 10:46:00,101.22031185438004,0.2854620797898552,101.21707487568099,101.26071646929006,101.1717380733189
AAPL,2026-02-07 10:47:00,101.11428835998157,-0.3950743392406697,101.12455813284573,101.13583294391374,101.07735602080132
AAPL,2026-02-07 10:48:00,101.0966367796501,0.3505502358610767,101.07115661084083,101.13123136006321,101.049708181404
AAPL,2026-02-07 10:49:00,101.09102345020257,-0.12661736792335435,101.09853926106298,101.14061122168836,101.06396104928699
AAPL,2026-02-07 10:50:00,101.17373155490152,-0.11548062030245142,101.17135363316332,101.19035189886618,101.1581506063032
AAPL,2026-02-07 10:51:00,101.15963833630124,-0.004715115361936997,101.17784693232389,101.21570995671493,101.12647472228547
AAPL,2026-02-07 10:52:00,100.98325458789799,0.09460926883134668,101.0087638054002,101.01931619454713,100.95461422602966
AAPL,2026-02-07 10:53:00,101.00284682772148,-0.04909898419961365,101.02472062884368,101.06960164516495,100.99802611518945
AAPL,2026-02-07 10:54:00,100.91225105882079,0.6541661036977606,100.90981917766734,100.94019912252664,100.86113708757833
AAPL,2026-02-07 10:55:00,100.87775167511411,0.24063362255325813,100.91970966008327,100.95693838763795,100.85341926355584
AAPL,2026-02-07 10:56:00,100.93448334448225,-0.05638871631491097,100.91079655152164,100.94482910612042,100.8898826840865
AAPL,2026-02-07 10:57:00,100.87567697535823,-0.30935522055301823,100.83436090322907,100.91495793280026,100.80572457132783
AAPL,2026-02-07 10:58:00,100.85060334820218,-0.012299051448113676,100.8611645709154,100.88783425630619,100.81444328995808
AAPL,2026-02-07 10:59:00,100.8478433592284,-0.10634549620844336,100.81901932968238,100.87214097641657,100.81849284814342
AAPL,2026-02-07 11:00:00,100.88584105758801,-0.2650473305868109,100.8388839809823,100.9172007762903,100.83464491298601
AAPL,2026-02-07 11:01:00,100.98109501191794,0.3363089307354786,100.96580309569413,100.98889579284722,100.94365432795438
AAPL,2026-02-07 11:02:00,100.9653779507298,0.5717610458126153,100.94061082723978,100.96940107431014,100.89784498494699
AAPL,2026-02-07 11:03:00,101.00542396865276,-0.06007371971381448,100.97288779571105,101.02937149947876,100.95671008545736
AAPL,2026-02-07 11:04:00,100.93462343861283,-0.29669889062936583,100.91124245487067,100.96738823405798,100.86937583566886
AAPL,2026-02-07 11:05:00,100.90333731169103,0.22536195744885434,100.91546382284142,100.92585964029857,100.85397417850942
AAPL,2026-02-07 11:06:00,100.744167635761,-0.007288380386322547,100.72281835572319,100.78060368678017,100.71610640478067
AAPL,2026-02-07 11:07:00,100.76685542042117,-0.4721606211148555,100.76027908697532,100.77294590705431,100.7316257603065
AAPL,2026-02-07 11:08:00,100.96782338771528,0.5990557430748731,100.99358577584411,101.00032017090233,100.91989825996023
AAPL,2026-02-07 11:09:00,100.96639085008732,0.8507412014541287,100.99626806093376,101.03450361678337,100.95025978822473
AAPL,2026-02-07 11:10:00,100.98929733095423,0.2907481057205137,101.01492211861115,101.02590997155889,100.95474187439491
AAPL,2026-02-07 11:11:00,101.03750972572864,0.39180303848502196,101.0640113079087,101.09548815184426,101.01242777469417
AAPL,2026-02-07 11:12:00,101.03477211378132,0.3511979072173017,101.07390584116828,101.11399198178076,101.00976945605055
AAPL,2026-02-07 11:13:00,100.94212019179541,0.6884323025897228,100.91202556529029,100.94787832797658,100.87911365962364
AAPL,2026-02-07 11:14:00,100.73448004746218,-0.18717802202996037,100.74772892640917,100.75663891809025,100.70972792662485
AAPL,2026-02-07 11:15:00,100.69500150562634,0.05313599187267479,100.732094944257,100.73560463366054,100.65627218925513
AAPL,2026-02-07 11:16:00,100.67241154410733,-0.2656752834180181,100.68983617640465,100.7102912109853,100.66980274805108
AAPL,2026-02-07 11:17:00,100.6722450918879,-0.05705544848430375,100.65282126730139,100.6919370020944,100.64865694244672
AAPL,2026-02-07 11:18:00,100.70446284256575,-0.19217171155680118,100.70843361738831,100.75823630403241,100.66822845806051
AAPL,2026-02-07 11:19:00,100.59962500771407,-0.5590560377557617,100.62329388740484,100.66588592383874,100.56584484051436
AAPL,2026-02-07 11:20:00,100.53654360254964,-0.27401729991843743,100.55945024647497,100.57266346812236,100.49134004120722
AAPL,2026-02-07 11:21:00,100.61687466938899,-0.14094922840990987,100.61200425246098,100.62922923666338,100.5660582782085
AAPL,2026-02-07 11:22:00,100.67717455511129,0.6028787012732297,100.6542895383792,100.71519918262005,100.62231169849768
AAPL,2026-02-07 11:23:00,100.78565063801568,-0.18029627904859125,100.77088442720635,100.81687563952597,100.75427948220072
AAPL,2026-02-07 11:24:00,100.91750796522614,0.06715702176586771,100.94908251956474,100.9599148656586,100.89265271748083
AAPL,2026-02-07 11:25:00,100.99139549316541,0.1902700471320341,101.03684763486142,101.05593368478903,100.94585498033045
AAPL,2026-02-07 11:26:00,101.00903135033647,0.6623660574484463,100.99729554649336,101.0347367774769,100.97478277914504
AAPL,2026-02-07 11:27:00,101.28381586566353,0.6716572264454457,101.32376921153977,101.36994470644198,101.23792426761814
AAPL,2026-02-07 11:28:00,101.34687206008137,0.18129089900526352,101.30615655060039,101.39348887586723,101.29682542074441
AAPL,2026-02-07 11:29:00,101.23883645260459,0.19579858264796082,101.24494024009282,101.26210232411181,101.21764318585544
AAPL,2026-02-07 11:30:00,101.24480154332933,-0.3426098645931185,101.19983437792884,101.24548576999284,101.16388384492434
AAPL,2026-02-07 11:31:00,101.16326036086616,0.3700715686671555,101.17066336365481,101.17882796433922,101.12598775259956
AAPL,2026-02-07 11:32:00,101.39805259193123,-0.06647516626171293,101.3536953169596,101.44737568571456,101.35178683080613
AAPL,2026-02-07 11:33:00,101.45088497060675,-0.30219581601667495,101.441205598983,101.49288699276819,101.41306394597898
AAPL,2026-02-07 11:34:00,101.46100716243637,-0.01805486814288259,101.48440291849627,101.52540081356773,101.41596871973357
AAPL,2026-02-07 11:35:00,101.60776380409752,0.07759491800389678,101.59941019848154,101.64926329902775,101.58287452877268
AAPL,2026-02-07 11:36:00,101.6080127582644,0.5899646430735362,101.63749335034684,101.66228768978277,101.59969095180637
AAPL,2026-02-07 11:37:00,101.69614954996963,0.019879193753439772,101.6629230765283,101.72612356729643,101.65756934097352
AAPL,2026-02-07 11:38:00,101.68148477502284,0.4843193356581077,101.72688397166479,101.73492822925304,101.64900221479529
AAPL,2026-02-07 11:39:00,101.72174315956451,0.0583177632603654,101.73587195973036,101.7709110982822,101.69881784344378
AAPL,2026-02-07 11:40:00,102.0269081619553,0.049365031478417254,101.98030325234987,102.06363807198834,101.97040909785768
AAPL,2026-02-07 11:41:00,102.08408451065637,0.1030973684560425,102.12937199706322,102.15850431716152,102.06803022477062
AAPL,2026-02-07 11:42:00,102.1677086850233,-0.4841595124014618,102.13289436971661,102.18506334139916,102.12768574421847
AAPL,2026-02-07 11:43:00,102.02494219047475,0.8434827123561078,101.98123923462921,102.0733557826961,101.94186784741555
AAPL,2026-02-07 11:44:00,102.08625743867395,-0.23784323962023715,102.08227740289112,102.09504188451524,102.07499073225162
AAPL,2026-02-07 11:45:00,102.16261691771838,-0.2872083301328399,102.1974769378889,102.20939034939568,102.1305669336106
AAPL,2026-02-07 11:46:00,102.25650567242207,0.6093600173899159,102.22797407754751,102.30313664537793,102.21514423633687
AAPL,2026-02-07 11:47:00,102.1962748528365,-0.8662068955107097,102.15124580085855,102.2316616439557,102.11938422571163
AAPL,2026-02-07 11:48:00,102.19381477475194,-0.3197634692929561,102.21103358760296,102.21351439385845,102.16018117871704
AAPL,2026-02-07 11:49:00,102.03576466278592,0.012808491507121718,102.03355191208495,102.04840968540937,102.03153269688048
AAPL,2026-02-07 11:50:00,102.10283666238668,0.2425787920992733,102.13850566288211,102.17647343082999,102.06328713031267
AAPL,2026-02-07 11:51:00,102.10205432649663,-0.95384081786561,102.115549763204,102.15147906276758,102.06680627538061
AAPL,2026-02-07 11:52:00,102.07128893517941,-0.6918577712769937,102.06132072721688,102.09608387687565,102.06030167986921
AAPL,2026-02-07 11:53:00,102.10962085667562,0.1402838575006065,102.07327188022558,102.11876900869095,102.03220102154545
AAPL,2026-02-07 11:54:00,102.17605110168762,-0.5679880378350316,102.21410209020846,102.25029482571077,102.13354061783419
AAPL,2026-02-07 11:55:00,102.21781163178841,-0.217929968741668,102.2220000765225,102.25329224941338,102.18812041177613
AAPL,2026-02-07 11:56:00,102.24459765725824,-1.0,102.26985260700047,102.28491034818151,102.21254740224637
AAPL,2026-02-07 11:57:00,102.24381568298632,-0.1155765701915265,102.22161216026565,102.24835882304129,102.18468756302761
AAPL,2026-02-07 11:58:00,102.25666369235515,-0.22139447591905062,102.27376026930942,102.32331715057023,102.25094915957455
AAPL,2026-02-07 11:59:00,102.27877771601611,0.2089406929645203,102.25117197113681,102.28833618856191,102.23857913765875
AAPL,2026-02-07 12:00:00,102.24042902127346,0.05970550785912426,102.25947707488875,102.28200842003412,102.19357737869754
AAPL,2026-02-07 12:01:00,102.12806954592787,-0.47745046712511363,102.11145294192869,102.1769633909948,102.06661814045118
AAPL,2026-02-07 12:02:00,102.08661987257524,0.4022446290491596,102.07447494369578,102.11793479779718,102.03379814569823
AAPL,2026-02-07 12:03:00,102.19360695912236,0.9797878531721465,102.19963181716632,102.24615620043151,102.14531769243365
AAPL,2026-02-07 12:04:00,102.0839726984124,-0.03180113842718664,102.06713313510049,102.10705886545327,102.03715184626083
AAPL,2026-02-07 12:05:00,102.04673715139033,0.8273124355014299,102.09014144361011,102.11109138282728,102.00969239647586
AAPL,2026-02-07 12:06:00,101.95147900927375,-0.010973326521151986,101.96660303041031,102.00774884848454,101.91113617127338
AAPL,2026-02-07 12:07:00,102.13401738249472,0.23763621272456872,102.12429407108999,102.1763435873753,102.11574578236281
AAPL,2026-02-07 12:08:00,102.22789257586362,0.2595219766160654,102.26973888733615,102.27604611673813,102.18973200457127
AAPL,2026-02-07 12:09:00,102.23300207282422,-0.6328717049648012,102.19905401854874,102.25288490665912,102.19749827888221
AAPL,2026-02-07 12:10:00,102.46352504024362,0.6534294457669096,102.42900292296927,102.50717183017147,102.40468117098156
AAPL,2026-02-07 12:11:00,102.46863146086534,0.6041102578746838,102.51146346885305,102.53212357879076,102.4642109706347
AAPL,2026-02-07 12:12:00,102.50925914780406,1.0,102.48009243975983,102.51088315510098,102.44446766759825
AAPL,2026-02-07 12:13:00,102.64390749992403,-0.5352046889140257,102.59987342867909,102.66893113695627,102.55612267396995
AAPL,2026-02-07 12:14:00,102.60560305712876,-0.5912422095503219,102.59337840378454,102.65418697753262,102.57693784639108
AAPL,2026-02-07 12:15:00,102.62390506575903,-0.21777167492541372,102.61467474237884,102.6309963285088,102.61157149688003
AAPL,2026-02-07 12:16:00,102.71395434254126,-0.6281401889830747,102.74855824446034,102.79814749020134,102.67383638893533
AAPL,2026-02-07 12:17:00,102.54138327500205,-0.5050941684942359,102.50539508821623,102.55556274876605,102.4807472804299
AAPL,2026-02-07 12:18:00,102.7677062398596,0.06559943503933209,102.78467046472383,102.80816244761918,102.75246232811882
AAPL,2026-02-07 12:19:00,102.74890213485756,0.1302137865870438,102.7816678495493,102.8008663520526,102.73418195275443
AAPL,2026-02-07 12:20:00,102.63162978891533,-0.23583473249951098,102.65397352150578,102.65403726618636,102.59726349388347
AAPL,2026-02-07 12:21:00,102.59722644242527,0.29397522123362213,102.61371307080803,102.65694807038132,102.55699881032272
AAPL,2026-02-07 12:22:00,102.60043658274886,-0.29884620112861665,102.6393252082858,102.66187198355387,102.55522764064276
AAPL,2026-02-07 12:23:00,102.57404764019485,-0.49969138679103997,102.5808862938708,102.61794288655933,102.55971302076935
AAPL,2026-02-07 12:24:00,102.48064619894467,-0.5131634930951082,102.47189782782522,102.5147695494016,102.45003300240643
AAPL,2026-02-07 12:25:00,102.48136492062605,-0.016323368928915987,102.49151759369981,102.50470034096404,102.46918950924592
AAPL,2026-02-07 12:26:00,102.32367604204036,-0.16011881125606797,102.30487672150755,102.36997653668804,102.29665725825092
AAPL,2026-02-07 12:27:00,102.24897598629494,-0.11265859434745613,102.29720960516111,102.31917729564995,102.20003655413466
AAPL,2026-02-07 12:28:00,102.0570800796727,0.5905007838598862,102.03897808716722,102.0624567787587,101.99198308667862
AAPL,2026-02-07 12:29:00,102.00890873761423,0.13929166356216238,102.00143231777487,102.04889009566966,101.9606391314929
AAPL,2026-02-07 12:30:00,102.03232288839061,-0.4326472774455695,102.03646947756877,102.04496341671425,102.00561700463774
AAPL,2026-02-07 12:31:00,101.98423146019255,-0.575765241309037,102.03061366343688,102.04686892393364,101.97251444506696
AAPL,2026-02-07 12:32:00,102.00802874085511,-0.10322066967052207,101.97069495915896,102.04970843481571,101.92726500593595
AAPL,2026-02-07 12:33:00,102.06743832276356,-0.2616049747245028,102.03621189845698,102.11616866062472,102.01111966254334
AAPL,2026-02-07 12:34:00,102.14549703746164,0.3094869429754205,102.13636217167581,102.18212383624866,102.12750714137718
AAPL,2026-02-07 12:35:00,102.08632602496324,-0.05806165925903254,102.11931647385103,102.12908144163258,102.03653756957443
AAPL,2026-02-07 12:36:00,102.16555458137368,0.1878964002978837,102.11751002048574,102.17617896339632,102.11229917076213
AAPL,2026-02-07 12:37:00,102.26569793300638,0.5147264372971232,102.217320267974,102.30114424547203,102.19340735468411
AAPL,2026-02-07 12:38:00,102.18492844611741,-0.7168820896226736,102.17220194006293,102.19494690096764,102.12498712535358
AAPL,2026-02-07 12:39:00,102.24753972621569,-0.03266671929486258,102.29438538307694,102.30042575726097,102.24576887624288
AAPL,2026-02-07 12:40:00,102.23907747055063,0.09586108688524946,102.25248063968519,102.26175470213522,102.23536734476306
AAPL,2026-02-07 12:41:00,102.21186508131191,0.8508164225352453,102.21464998211741,102.24899117581148,102.18612518980675
AAPL,2026-02-07 12:42:00,102.35463039226909,0.033217256168081286,102.36682136309794,102.40577348522876,102.34269907435458
AAPL,2026-02-07 12:43:00,102.33233003345258,0.5357690793051973,102.33860986124036,102.35068379384022,102.3245737224603
AAPL,2026-02-07 12:44:00,102.09787564066139,-0.1883456261962655,102.06302339701828,102.13875864506335,102.01454974667685
AAPL,2026-02-07 12:45:00,102.15025785357287,0.3745322671961122,102.1506823973158,102.18866638356401,102.13979183620795
AAPL,2026-02-07 12:46:00,102.35216716831654,0.396831119472622,102.34632455202046,102.36516640330774,102.3393605865508
AAPL,2026-02-07 12:47:00,102.34935166907042,-0.5827681319274096,102.33915406463528,102.37254578168707,102.31542360672141
AAPL,2026-02-07 12:48:00,102.31444837803109,-0.5673558984645803,102.2841949732525,102.31954823056131,102.25687073405143
AAPL,2026-02-07 12:49:00,102.14731387847623,-0.19547079413447302,102.13398906609123,102.18483893327632,102.11888587141624
AAPL,2026-02-07 12:50:00,102.18360584340203,0.04968758859637878,102.2184925820458,102.2591133889878,102.17762664755637
AAPL,2026-02-07 12:51:00,102.20173303208698,0.2153166368081828,102.24716621323132,102.28366490099307,102.18258862163778
AAPL,2026-02-07 12:52:00,102.19391383648207,-0.9339905094950387,102.22734446720084,102.25299223517999,102.18526677550285
AAPL,2026-02-07 12:53:00,102.22786452800293,0.8636108340331958,102.22829623388708,102.25732085298726,102.2033094269031
AAPL,2026-02-07 12:54:00,102.08864562841862,-0.3198655807739414,102.09215891188872,102.09541173697757,102.04836640266022
AAPL,2026-02-07 12:55:00,102.11840154462926,0.5630994417961986,102.12650841842928,102.14197069923642,102.07095428434842
AAPL,2026-02-07 12:56:00,102.05926852101443,0.13243788116075844,102.02277018447097,102.0943965274349,101.98791302313053
AAPL,2026-02-07 12:57:00,102.08990288171421,0.2957627336773338,102.069021515492,102.1157579031531,102.02736092974483
AAPL,2026-02-07 12:58:00,102.20916423947791,0.004294787574234555,102.20563196358638,102.22696849218855,102.1874277771783
AAPL,2026-02-07 12:59:00,102.06509068618455,-0.056178869577375196,102.11178554282772,102.11408477139801,102.04235500258649
AAPL,2026-02-07 13:00:00,102.13727686155764,-0.44131372548106,102.1820535757288,102.18448503813482,102.0880337407152
AAPL,2026-02-07 13:01:00,102.05337652447878,-0.2323506957866477,102.05002504757019,102.08892871053969,102.04226322628311
AAPL,2026-02-07 13:02:00,101.94828561086875,0.19351423936990972,101.9737231456927,101.98203315886592,101.91427978889443
AAPL,2026-02-07 13:03:00,101.92253448985892,-0.5780162561694363,101.92356038535743,101.97185641125004,101.91872813797076
AAPL,2026-02-07 13:04:00,101.94380783687653,0.17673548880912088,101.9877256769947,102.00235341104188,101.92235344693107
AAPL,2026-02-07 13:05:00,101.89110565794756,-1.0,101.86697277038218,101.92435684012926,101.8386976734475
AAPL,2026-02-07 13:06:00,102.17403084976074,0.46710328215586155,102.1920563103644,102.19543103805516,102.1355976328867
AAPL,2026-02-07 13:07:00,102.10998823392167,0.3834027954918415,102.15915972510544,102.20194860948418,102.09078236076294
AAPL,2026-02-07 13:08:00,102.01375110783214,0.5209700704513641,102.01421875045352,102.05008375590931,101.98836059647014
AAPL,2026-02-07 13:09:00,102.14801721544856,-0.6064527928745781,102.16370529948009,102.17692988812661,102.10430709331447
AAPL,2026-02-07 13:10:00,102.19820248339806,-0.2598349172165624,102.21668777553253,102.25634572418012,102.18045786146601
AAPL,2026-02-07 13:11:00,102.32935838150665,-0.23207886985845333,102.34003727436755,102.37527014043559,102.30117036256931
AAPL,2026-02-07 13:12:00,102.11743668041208,-0.7714997258034288,102.11102767402107,102.14508111765198,102.08744365097911
AAPL,2026-02-07 13:13:00,102.1594398875234,0.8124659951533708,102.19662740019255,102.21408376951,102.12371971488547
AAPL,2026-02-07 13:14:00,102.13290374416084,0.16479127292847773,102.12157893452235,102.17385642673474,102.09561954703442
AAPL,2026-02-07 13:15:00,102.12487115265075,0.22325807664367592,102.12467882219995,102.15748223722505,102.0854138290115
AAPL,2026-02-07 13:16:00,102.19812922574015,0.13898367811624743,102.15784583663758,102.23439805121198,102.1119134589586
AAPL,2026-02-07 13:17:00,102.17218993143409,-0.6747159638606702,102.1259012846426,102.19421001330329,102.1014923128366
AAPL,2026-02-07 13:18:00,102.2856561648048,-0.34608522211256276,102.26200572464846,102.2860382906,102.23111816250594
AAPL,2026-02-07 13:19:00,102.34562034354029,0.09133042243273087,102.38768855694863,102.41937468997308,102.34059580365451
AAPL,2026-02-07 13:20:00,102.30897607540062,-0.02783135679695103,102.27567942489425,102.33801270403463,102.2353116550658
AAPL,2026-02-07 13:21:00,102.35421657772167,0.23642091363698287,102.36427472896784,102.38688686549196,102.346497580798
AAPL,2026-02-07 13:22:00,102.58700807723109,-0.23895704031190623,102.60740256777493,102.64091118049758,102.55669601253355
AAPL,2026-02-07 13:23:00,102.42264884153701,-0.08550009919219664,102.46416554313275,102.49400933209473,102.38899642626492
AAPL,2026-02-07 13:24:00,102.4196162468895,-0.26686993889488797,102.3899233263139,102.44068710887231,102.35708145439934
AAPL,2026-02-07 13:25:00,102.33232920057657,0.5185593189693821,102.357056075264,102.39605087005235,102.28859214887407
AAPL,2026-02-07 13:26:00,102.31559076634579,0.3200593391391589,102.35293570448532,102.39239106510985,102.28342686204928
AAPL,2026-02-07 13:27:00,102.1973807084467,-0.7670265884054123,102.17113080718651,102.24027354111192,102.16829196530594
AAPL,2026-02-07 13:28:00,102.12142267189782,-0.14803563893703217,102.07664842101875,102.13561676768975,102.0466266487667
AAPL,2026-02-07 13:29:00,102.24336020820174,0.7781135397673441,102.26294056072386,102.29425754399851,102.19778845310626
AAPL,2026-02-07 13:30:00,102.21714505852933,0.024223632186937637,102.23226746425077,102.2669597682315,102.1998518264673
AAPL,2026-02-07 13:31:00,102.20892760781678,-0.003230667784278136,102.19221284288743,102.23263440845214,102.15225670932955
AAPL,2026-02-07 13:32:00,102.15365455818609,-0.2452451954585746,102.10474921041312,102.16604115295735,102.10079536767587
AAPL,2026-02-07 13:33:00,102.11137007357044,0.08868523643478353,102.1058982142026,102.14291337394394,102.08358164046638
AAPL,2026-02-07 13:34:00,102.197664767898,0.43763740707609905,102.15688966422103,102.24403338768336,102.1120777118058
AAPL,2026-02-07 13:35:00,102.24405611862758,-0.025225070002632313,102.28097567811643,102.28364200436401,102.22223661509574
AAPL,2026-02-07 13:36:00,102.19525660014557,0.14319021761138948,102.14802388391115,102.2207075272797,102.1208191100902
AAPL,2026-02-07 13:37:00,102.28154475826369,0.2176773774441851,102.28735147624471,102.33497203521634,102.2799114305635
AAPL,2026-02-07 13:38:00,102.35315337810167,0.3437788904379643,102.35582195844752,102.3845182697342,102.34815279639658
AAPL,2026-02-07 13:39:00,102.40880499832015,-0.7239343532748248,102.41682761796028,102.44044773995067,102.38926293976557
AAPL,2026-02-07 13:40:00,102.35778303148976,0.32189713534704506,102.36897470669372,102.40124061468417,102.3327361023706
AAPL,2026-02-07 13:41:00,102.30788784038728,-0.6064774557146789,102.33892810743156,102.38647837167333,102.26183704950458
AAPL,2026-02-07 13:42:00,102.39866995822753,0.21725044463504967,102.38463554867755,102.40417373650429,102.36387312951253
AAPL,2026-02-07 13:43:00,102.25317931171782,0.0620061893612025,102.25406570318155,102.26495433760135,102.21818492611611
AAPL,2026-02-07 13:44:00,102.3078138278937,0.4595267797039786,102.26844408930086,102.33023196311115,102.24912660483525
AAPL,2026-02-07 13:45:00,102.45222926257757,0.04171099843083805,102.45274255861055,102.46731205936399,102.43984266713971
AAPL,2026-02-07 13:46:00,102.25572369163446,0.09361430061863313,102.20884045531788,102.25622819818886,102.17686204550166
AAPL,2026-02-07 13:47:00,102.06120974218977,-0.43871217698307313,102.02873994543397,102.0764997917465,102.02541016032565
AAPL,2026-02-07 13:48:00,102.02570181816284,0.24258159589939732,102.06817579992233,102.08387828861368,102.01178618220173
AAPL,2026-02-07 13:49:00,101.92379360952695,0.2374716549635547,101.91850064019908,101.94587715024177,101.90135099455601
AAPL,2026-02-07 13:50:00,101.70910258552624,-1.0,101.68265738135963,101.73573975489273,101.64678873218939
AAPL,2026-02-07 13:51:00,101.71129215882553,0.7039553551772254,101.68527703169994,101.72627744725948,101.63724645201786
AAPL,2026-02-07 13:52:00,101.80413726814226,0.574131246266833,101.85266101077812,101.86431051870075,101.77423071626194
AAPL,2026-02-07 13:53:00,101.74807778818158,0.229292982492676,101.73263455231958,101.78620434677993,101.68312044964885
AAPL,2026-02-07 13:54:00,101.78687262244127,-0.3007981152270535,101.7889559458314,101.7975334493763,101.77476902213061
AAPL,2026-02-07 13:55:00,101.8637563474021,-0.3504638380770364,101.83586348925884,101.87417736756633,101.8214290434519
AAPL,2026-02-07 13:56:00,101.75719863125133,-0.21798551297292326,101.7449040049213,101.78337216926566,101.6953493497304
AAPL,2026-02-07 13:57:00,101.51820959563523,-0.43278809781984534,101.47896592685763,101.54350183375017,101.4480156397457
AAPL,2026-02-07 13:58:00,101.45946085620562,-0.22035355356889408,101.43822945796683,101.46284584287335,101.4227715852616
AAPL,2026-02-07 13:59:00,101.45364750873871,-0.17175056773040923,101.45854939504468,101.46423632609572,101.41630583966017
AAPL,2026-02-07 14:00:00,101.64951258559238,0.6741464962245862,101.66184475967512,101.6788837180285,101.610733168978
AAPL,2026-02-07 14:01:00,101.79368163797767,0.45102296940699643,101.83002833482259,101.875603018359,101.78312653720502
AAPL,2026-02-07 14:02:00,101.75063635197698,-0.12963949911675782,101.76089338862153,101.77182517960908,101.75022232906309
AAPL,2026-02-07 14:03:00,101.66898032399018,0.2822115195443027,101.70071526991504,101.74121837126462,101.66585224964473
AAPL,2026-02-07 14:04:00,101.7788498396889,0.8241981156979792,101.7381039674219,101.82756828057128,101.70516131184837
AAPL,2026-02-07 14:05:00,101.66651997510716,-0.2047795550966543,101.67229679321555,101.7056818802057,101.62347516043326
AAPL,2026-02-07 14:06:00,101.70483161342307,-0.4862265891836399,101.73013672235214,101.77836583057194,101.70286124151616
AAPL,2026-02-07 14:07:00,101.77196805341451,-0.5038149047444149,101.74761554518919,101.80220290926852,101.71917933837318
AAPL,2026-02-07 14:08:00,102.0177361700063,-0.02941006357921984,101.96873977434377,102.0428250595543,101.9234304044206
AAPL,2026-02-07 14:09:00,102.0185838252803,0.5052684452333124,101.98714259996737,102.02884220511157,101.94091848224872
AAPL,2026-02-07 14:10:00,102.13692685040546,0.06272162257435704,102.09371482743065,102.14266004927204,102.07185391832898
AAPL,2026-02-07 14:11:00,102.23616990123773,0.5712330867128242,102.27670611844287,102.29737060970213,102.21622918581201
AAPL,2026-02-07 14:12:00,102.06277938363736,-0.11369694754989342,102.02449002749518,102.08227808048102,102.01024453812974
AAPL,2026-02-07 14:13:00,101.87580334070032,-0.2618435735178583,101.86120380248931,101.88397777069756,101.83394875662144
AAPL,2026-02-07 14:14:00,101.98124288553002,-0.05307460637851729,101.94591056786716,102.01313398393886,101.92969051647252
AAPL,2026-02-07 14:15:00,102.18339339270572,0.3840094140780564,102.15982542676274,102.18845952351012,102.12224204937685
AAPL,2026-02-07 14:16:00,102.26027456564164,0.4951155579752774,102.30877213168873,102.33048223887302,102.22230276856469
AAPL,2026-02-07 14:17:00,102.17513943803989,-0.6148247822468664,102.20218651249414,102.23468668956684,102.13349515183579
AAPL,2026-02-07 14:18:00,102.23685499373246,-0.4428031776733818,102.25243680591767,102.26855600558903,102.212826121304
AAPL,2026-02-07 14:19:00,102.16279755969073,-0.015715432438415465,102.11663747147031,102.19882677005461,102.11007962609254
AAPL,2026-02-07 14:20:00,102.18156880332337,-0.3998185049520057,102.14364148178812,102.22818833404952,102.10632279721261
AAPL,2026-02-07 14:21:00,102.3461191997507,0.5907893598080179,102.34504318037237,102.38969795616119,102.3234893738562
AAPL,2026-02-07 14:22:00,102.36953711888584,-0.26030164297565855,102.4172915469478,102.43895496595036,102.34245583502032
AAPL,2026-02-07 14:23:00,102.34893924085915,-0.02242149578150232,102.38935306856239,102.43910547941225,102.32263433254691
AAPL,2026-02-07 14:24:00,102.27832168205909,-0.09695516979701387,102.32730601517868,102.36884321822866,102.2394981454355
AAPL,2026-02-07 14:25:00,102.32216208690764,0.5786168989954237,102.35738061557375,102.37176390410808,102.29642266552874
AAPL,2026-02-07 14:26:00,102.28503236963444,0.7945477290364085,102.3228419298796,102.32613981531222,102.24612341173543
AAPL,2026-02-07 14:27:00,102.35761970577273,-0.41217078862227985,102.40384535208437,102.44153101740099,102.34963802626531
AAPL,2026-02-07 14:28:00,102.35588113940354,-0.34912105388658415,102.37697956810572,102.39501461884316,102.32477018637918
AAPL,2026-02-07 14:29:00,102.3473650670921,-0.36380208400250236,102.37043032983858,102.39260623697524,102.33001344157813
AAPL,2026-02-07 14:30:00,102.34123147167239,-0.09521902590515234,102.36788117159827,102.41559888188442,102.31348396033755
AAPL,2026-02-07 14:31:00,102.27150107963233,-0.021803888147817224,102.25780601948983,102.28818001675369,102.23428317115578
AAPL,2026-02-07 14:32:00,102.24932615032444,0.013525066064197348,102.20461311409989,102.29382812447159,102.19825841202582
AAPL,2026-02-07 14:33:00,102.09269377927252,-0.5336015983163822,102.05338714792376,102.12212671743181,102.03262076236916
AAPL,2026-02-07 14:34:00,102.22386450700911,0.21146985508633143,102.1980856179446,102.2452952208195,102.15901011280481
AAPL,2026-02-07 14:35:00,102.32983825120829,-0.15758470504744415,102.36427278648603,102.37952351407387,102.32747210904976
AAPL,2026-02-07 14:36:00,102.14282182359972,-0.45476777136760727,102.10957308616275,102.18268749642598,102.10655509746734
AAPL,2026-02-07 14:37:00,102.11190568734575,0.3712493174544603,102.10213305518208,102.12778997285464,102.0797230591401
AAPL,2026-02-07 14:38:00,101.98737945153971,-0.17169125112071149,101.98245618058465,102.0308223804204,101.95597980954791
AAPL,2026-02-07 14:39:00,101.82766569715164,-0.125137800674301,101.82746218601923,101.87236037492136,101.81943083598529
AAPL,2026-02-07 14:40:00,101.97458927333936,-0.24660910404834202,101.97035062025161,101.99351595612762,101.93443106441772
AAPL,2026-02-07 14:41:00,102.00847964487146,-0.11755025019080995,101.99483551004768,102.02490207856414,101.94681078339482
AAPL,2026-02-07 14:42:00,102.0065869211798,0.07495396877999105,102.05062058336227,102.05130676060482,102.0018125710746
AAPL,2026-02-07 14:43:00,102.07807621957473,0.49831579747632004,102.11536471995527,102.14361863869378,102.07259230762365
AAPL,2026-02-07 14:44:00,102.1034492533691,-0.9375319392326782,102.14779666874328,102.16531330816255,102.08387228881939
AAPL,2026-02-07 14:45:00,102.04360288534906,-0.29445120857119805,102.07948226699096,102.08737656354789,102.02035514594571
AAPL,2026-02-07 14:46:00,102.23324889645605,0.14036306314883087,102.2480155848926,102.28564202143582,102.22948732025334
AAPL,2026-02-07 14:47:00,102.26047482425818,-0.6895206058526581,102.24382189102946,102.26115511797674,102.23940970502487
AAPL,2026-02-07 14:48:00,102.27355224884607,-0.30941830566992884,102.32220633695752,102.36936171086121,102.25198600003355
AAPL,2026-02-07 14:49:00,102.25681922441122,-0.39857174177537735,102.2316387500348,102.29012526514173,102.19312361649264
AAPL,2026-02-07 14:50:00,102.36632198991678,0.07790107618438397,102.40396480874432,102.45092480048818,102.32376425398286
AAPL,2026-02-07 14:51:00,102.36921316249106,-0.3846122823731358,102.41008583340614,102.42765217480292,102.3474817689346
AAPL,2026-02-07 14:52:00,102.29733443266674,0.07644222301851994,102.31498131665722,102.34375141116901,102.26838871713316
AAPL,2026-02-07 14:53:00,102.33955376874319,0.0035387834403336153,102.32864310021725,102.36336729444996,102.2856825707368
AAPL,2026-02-07 14:54:00,102.29008238799534,0.363069051516425,102.28544889489896,102.31140285679007,102.25837978269152
AAPL,2026-02-07 14:55:00,102.299417988834,-0.19723211570688381,102.28707076173364,102.34615675239056,102.24500499104539
AAPL,2026-02-07 14:56:00,102.4474876408203,0.05826417605441996,102.44193630240137,102.4511212621126,102.43671597535324
AAPL,2026-02-07 14:57:00,102.54879780319338,0.3284110938795144,102.53005991404686,102.57389361621021,102.5094726442044
AAPL,2026-02-07 14:58:00,102.52939015138276,0.9686673317670174,102.49771758772275,102.53915877831302,102.45711396224786
AAPL,2026-02-07 14:59:00,102.41828715236508,-0.04060165192629097,102.45574661657152,102.45849545318356,102.40872802988352
AAPL,2026-02-07 15:00:00,102.35995619060955,0.1728476585341076,102.34690782508386,102.38479235458928,102.32745297652711
AAPL,2026-02-07 15:01:00,102.41937379551341,0.024892057704972007,102.43622293290967,102.4527380574979,102.3885114996918
AAPL,2026-02-07 15:02:00,102.5294925168369,-0.5118225231255215,102.55371595524959,102.57998150723769,102.52362076812967
AAPL,2026-02-07 15:03:00,102.48445098513535,0.2191845988819081,102.45075582776472,102.50697259426693,102.43706427699301
AAPL,2026-02-07 15:04:00,102.46352146159417,0.023218132314542787,102.47230940320921,102.48597334671615,102.45658282058713
AAPL,2026-02-07 15:05:00,102.42203553469174,0.19076528826981284,102.37541844071053,102.44109104376807,102.33063002020829
AAPL,2026-02-07 15:06:00,102.3667985193475,-0.2953439554520496,102.41664049887378,102.46192358975911,102.3372252462403
AAPL,2026-02-07 15:07:00,102.28516812392229,-0.3448358026174938,102.24332696922612,102.29512044054529,102.24040589357257
AAPL,2026-02-07 15:08:00,102.22276096297101,-0.19267615872838784,102.23215661959647,102.23852508065848,102.21993963844191
AAPL,2026-02-07 15:09:00,102.27169358024783,-0.006295549315071304,102.27077848766264,102.30597543118662,102.26180564394224
AAPL,2026-02-07 15:10:00,102.30378148353022,0.32092279995900086,102.29080587694375,102.32053033751086,102.28571926901728
AAPL,2026-02-07 15:11:00,102.43119305413268,-0.1399468590468181,102.38937068352043,102.47305924281066,102.35602362640482
AAPL,2026-02-07 15:12:00,102.47272935164995,0.17791248460276599,102.47076852590362,102.49313004254297,102.43513561060311
AAPL,2026-02-07 15:13:00,102.50733881292462,0.18854721471412464,102.48088130182887,102.51900296898313,102.44419122089278
AAPL,2026-02-07 15:14:00,102.62916610516262,0.40211212672443325,102.65562809385965,102.66475857526754,102.59839573255971
AAPL,2026-02-07 15:15:00,102.47169110518985,-0.13749401221559474,102.47097425000791,102.4734978472176,102.46817938542472
AAPL,2026-02-07 15:16:00,102.36539551781134,-0.2905616218930261,102.33686647214593,102.37433666033928,102.32642166150866
AAPL,2026-02-07 15:17:00,102.20909526809199,-0.05964642202562538,102.25219099382463,102.29844900343275,102.16408390911197
AAPL,2026-02-07 15:18:00,102.08037843749827,0.2513625427278278,102.08980186841247,102.10166176201722,102.05164960602673
AAPL,2026-02-07 15:19:00,101.93185023599044,-1.0,101.95032621058415,101.95775351861016,101.9124904046432
AAPL,2026-02-07 15:20:00,101.9629368457419,0.5529272502668058,101.99514150351128,102.01992364567465,101.9141181757368
AAPL,2026-02-07 15:21:00,102.02659976638245,0.38813700281734853,102.04863732678498,102.096660728246,101.99663139518997
AAPL,2026-02-07 15:22:00,101.9347326606174,-0.10591388039985183,101.93784540206345,101.93825911491119,101.90560214998393
AAPL,2026-02-07 15:23:00,101.82009574521655,0.34149301904609347,101.78066319965828,101.86013179243149,101.74244583778496
AAPL,2026-02-07 15:24:00,101.70259116217883,0.13773708897159853,101.74549431373816,101.7636017901112,101.70078509361169
AAPL,2026-02-07 15:25:00,101.6624112275888,-0.8714212359513296,101.66656964556262,101.70974513739606,101.61579891481594
AAPL,2026-02-07 15:26:00,101.69143924503275,0.24338145441988313,101.73007887478005,101.76299598963448,101.65597956567154
AAPL,2026-02-07 15:27:00,101.79645672195683,0.2593952217105919,101.83685291868677,101.86295525320374,101.78522966674993
AAPL,2026-02-07 15:28:00,101.8109975308062,-0.050672449781781675,101.86050946583119,101.87112610802303,101.79861758704016
AAPL,2026-02-07 15:29:00,101.68331236520025,-0.863511041294048,101.71621362912049,101.72955575432822,101.67612983762065
AAPL,2026-02-07 15:30:00,101.60184495624125,-0.8141508072368734,101.59301581781986,101.62522466121624,101.59291051333345
AAPL,2026-02-07 15:31:00,101.66447091250599,-0.49679380505245796,101.70247552557605,101.74138177268597,101.65359158962521
AAPL,2026-02-07 15:32:00,101.7174233652796,0.2328244807842984,101.76145702845832,101.78989528794416,101.70885920729894
AAPL,2026-02-07 15:33:00,101.78300106291852,-0.3723317763650864,101.76177817165126,101.82828800249077,101.72563191572561
AAPL,2026-02-07 15:34:00,101.74696672477405,0.11466166394764893,101.75136987050702,101.79371252227705,101.74066221233777
AAPL,2026-02-07 15:35:00,101.69097988805494,-0.07609740766299836,101.67832467981033,101.7012778278068,101.65430555334092
AAPL,2026-02-07 15:36:00,101.84270788598175,0.751948571845682,101.84819248852482,101.87310643605922,101.83120711254742
AAPL,2026-02-07 15:37:00,101.87220766681007,-0.27909673933117873,101.90340979611497,101.91168736557354,101.85792138754027
AAPL,2026-02-07 15:38:00,102.02622699826571,-0.209295951815838,101.9793094912202,102.05776554407207,101.9329831890923
AAPL,2026-02-07 15:39:00,102.16023341598478,-0.04130596168611719,102.12898744657679,102.1680801254209,102.09116524873392
AAPL,2026-02-07 15:40:00,102.29281132545557,0.61385570303991,102.25796144308461,102.30287012388517,102.2146900610285
AAPL,2026-02-07 15:41:00,102.23424417766908,-0.038017133198466974,102.19667846266668,102.2526421441501,102.14931787326307
AAPL,2026-02-07 15:42:00,102.16760823520859,-0.05001454861774521,102.12608857830745,102.19516350918408,102.0837525789714
AAPL,2026-02-07 15:43:00,102.29656027100145,-0.709788429993733,102.31005336240382,102.32610114061323,102.27230521853713
AAPL,2026-02-07 15:44:00,102.29791783877351,0.507856588437001,102.345501890258,102.34971930168932,102.29335032268003
AAPL,2026-02-07 15:45:00,102.23909264896574,-0.2423539987446981,102.21344834584914,102.27908630357216,102.21295206245074
AAPL,2026-02-07 15:46:00,102.17304797629262,-0.22085425765891348,102.16414294969519,102.20184209380653,102.14037582488469
AAPL,2026-02-07 15:47:00,102.30053277373716,-0.10013474227968716,102.2896684999528,102.34008120811906,102.25551755236128
AAPL,2026-02-07 15:48:00,102.32690308957804,-0.003694446294642334,102.36832628810954,102.37699170210556,102.28386063127213
AAPL,2026-02-07 15:49:00,102.3758933223649,0.7832621225759828,102.40937513598702,102.41235724083828,102.34717763372916
AAPL,2026-02-07 15:50:00,102.3874077253385,0.1440814751087151,102.3722711702606,102.41826161869919,102.3545397510091
AAPL,2026-02-07 15:51:00,102.48438765370018,0.17864298317772992,102.44463915813024,102.4990786513381,102.41453710734173
AAPL,2026-02-07 15:52:00,102.25293977776403,0.09225755726607063,102.26810730468695,102.2999515499948,102.2218453419393
AAPL,2026-02-07 15:53:00,102.37610511760478,-0.24555367855077176,102.40911573456751,102.41072751609883,102.34014481685116
AAPL,2026-02-07 15:54:00,102.22797701423612,0.30285149948862405,102.18846399892337,102.26304503452607,102.17896292467366
AAPL,2026-02-07 15:55:00,102.55834851763206,0.45769493902829944,102.53519249347195,102.58429399620141,102.48843326396585
AAPL,2026-02-07 15:56:00,102.69301221450921,-0.07293430849810643,102.66079333353765,102.7112969124269,102.63286513622786
AAPL,2026-02-07 15:57:00,102.83990063947081,0.6004072452226117,102.87776033472474,102.92718792604344,102.80545060200664
AAPL,2026-02-07 15:58:00,102.7948030223185,-0.2805069946538904,102.78793190050267,102.80399669823458,102.76726681028278
AAPL,2026-02-07 15:59:00,102.54541215527374,-0.23468014096352455,102.55178968056038,102.5878005119278,102.50006036549493
MSFT,2026-02-07 09:30:00,100.0117128453154,0.02502070001450383,99.99995215326896,100.05749496097098,99.99780538768783
MSFT,2026-02-07 09:31:00,100.035732078877,-0.14844330788876017,100.07839513259633,100.12737352331912,99.99594048298628
MSFT,2026-02-07 09:32:00,100.01469186106316,0.11732693000833845,100.01579465723626,100.04708053718517,100.00443515735181
MSFT,2026-02-07 09:33:00,100.05228634562398,-0.34886238102148265,100.0506083414191,100.052613677753,100.00080283759863
MSFT,2026-02-07 09:34:00,99.91929580596064,-0.20063470023062188,99.88626732672162,99.9234231156165,99.87380614778463
MSFT,2026-02-07 09:35:00,100.1136973073896,-0.01876852353750985,100.1239203145362,100.15382363266912,100.11257743381016
MSFT,2026-02-07 09:36:00,100.02406191981343,-0.0736876362789135,99.99129103590623,100.0730010413182,99.96863049895138
MSFT,2026-02-07 09:37:00,99.99868526132389,0.535263926332041,99.97383602257796,100.01812155589276,99.9491453606765
MSFT,2026-02-07 09:38:00,100.06539345249499,-0.2690333563326266,100.03376486818217,100.08424236837445,99.99436842567911
MSFT,2026-02-07 09:39:00,99.93143422719517,-0.025094553696123435,99.92522828457723,99.97631102905166,99.88813218429199
MSFT,2026-02-07 09:40:00,100.01561986469787,-0.58205259113605,100.04554829964229,100.07671518568131,99.98669696376373
MSFT,2026-02-07 09:41:00,99.94512560219229,0.25875808177728177,99.98658765470341,100.00855008578635,99.89945757284359
MSFT,2026-02-07 09:42:00,100.01422557687897,-0.16913408476359987,99.96890924396897,100.03028296126298,99.95022388311554
MSFT,2026-02-07 09:43:00,100.23271906177241,0.05610481927932825,100.22276380669727,100.25653272195044,100.19056928108431
MSFT,2026-02-07 09:44:00,100.2704431459103,0.18299052774847016,100.24517625576978,100.29971121276591,100.20139603726525
MSFT,2026-02-07 09:45:00,100.22853069427823,-0.7261066531283104,100.21676856695464,100.23535498099643,100.21462275579924
MSFT,2026-02-07 09:46:00,100.21793778617416,-0.30529584111003744,100.16869017032441,100.23071088138471,100.15029058496526
MSFT,2026-02-07 09:47:00,100.36950005171481,-0.23021054782256478,100.39117767729219,100.43880779061405,100.35076193633873
MSFT,2026-02-07 09:48:00,100.38136896178409,0.0028457575550340027,100.41879937061829,100.46031047223202,100.36469639028986
MSFT,2026-02-07 09:49:00,100.26082101159605,-0.23362110587044338,100.22875744380913,100.30001569750681,100.1897906118619
MSFT,2026-02-07 09:50:00,100.41276373048699,-0.24802500832336294,100.4411862239893,100.47412904573513,100.40572435273097
MSFT,2026-02-07 09:51:00,100.39750057841756,-0.748266900785358,100.42762178668178,100.44524967369279,100.38300723765127
MSFT,2026-02-07 09:52:00,100.43056520312719,-0.4352575256319613,100.44584341287855,100.48597857130102,100.39844221455124
MSFT,2026-02-07 09:53:00,100.5891707631289,-0.03274116060622755,100.559734007825,100.59767854996173,100.54295275104414
MSFT,2026-02-07 09:54:00,100.67116551904459,-0.0688139634945345,100.6633101320545,100.67367845492443,100.64927373051742
MSFT,2026-02-07 09:55:00,100.50900281544524,-0.4117329342291508,100.54169850674384,100.56313643419257,100.48841741017681
MSFT,2026-02-07 09:56:00,100.46258088912799,-0.3217397761759897,100.43324513266636,100.47258073766221,100.40889226988739
MSFT,2026-02-07 09:57:00,100.54208191036109,0.23187458688244852,100.50921422449846,100.59058586143362,100.49113418981143
MSFT,2026-02-07 09:58:00,100.52420937475023,0.31892286754465016,100.57300594050615,100.6151287332101,100.49760021751085
MSFT,2026-02-07 09:59:00,100.41244181556537,0.5649576928502246,100.36622542999945,100.41935492982302,100.36557140766679
MSFT,2026-02-07 10:00:00,100.3328526361249,-0.5766251735376993,100.3489865315667,100.39588905832305,100.29989866050671
MSFT,2026-02-07 10:01:00,100.43925381264859,-0.6972415976840467,100.4412388528653,100.47328270543562,100.39860034564546
MSFT,2026-02-07 10:02:00,100.4308700163793,-0.20519454550231786,100.45188288208084,100.46780887038723,100.39172218040176
MSFT,2026-02-07 10:03:00,100.54143918825982,0.03415687837089448,100.52974519025062,100.56414255203522,100.51681008062316
MSFT,2026-02-07 10:04:00,100.55771640804535,-0.015992674705902096,100.5256348727245,100.59359751515792,100.507700489215
MSFT,2026-02-07 10:05:00,100.5025948717744,-0.30718045085892165,100.55078369699737,100.5661489631216,100.46518835888939
MSFT,2026-02-07 10:06:00,100.78064130151749,0.8667240970917167,100.78777600860852,100.79301928416982,100.7459506682085
MSFT,2026-02-07 10:07:00,100.73397275084456,-0.35090511559664134,100.76038297660061,100.76731430961,100.72090905855414
MSFT,2026-02-07 10:08:00,100.70233935434057,0.544455680650107,100.69988262192247,100.7132188557522,100.67327330875194
MSFT,2026-02-07 10:09:00,100.44696189338244,-0.08214345377245277,100.46712335569346,100.48812301424735,100.42381383131551
MSFT,2026-02-07 10:10:00,100.35251696649448,0.35660626407913626,100.38072973155295,100.39122086546983,100.33336037125318
MSFT,2026-02-07 10:11:00,100.39513113594471,0.9830652012614737,100.41985165215736,100.42953590846135,100.39491757238702
MSFT,2026-02-07 10:12:00,100.36542472095212,0.2628323626569921,100.37798222790487,100.41853932465445,100.32421877027764
MSFT,2026-02-07 10:13:00,100.49773071209083,0.23020002988300614,100.50509148721257,100.53038338166377,100.4830613840458
MSFT,2026-02-07 10:14:00,100.47672810991187,0.8855628254081117,100.47062889857379,100.49493082276797,100.460129450635
MSFT,2026-02-07 10:15:00,100.31490430670931,0.3707163808608813,100.26618387849497,100.3573645841942,100.25935245985958
MSFT,2026-02-07 10:16:00,100.32190848511166,-0.24702678051755736,100.36450986176797,100.38526097902337,100.30337415351613
MSFT,2026-02-07 10:17:00,100.33146600082523,0.3344929613936436,100.37668907049655,100.39868069020496,100.33039062995442
MSFT,2026-02-07 10:18:00,100.30333644917589,0.21039687751905256,100.27915626959651,100.3209834046745,100.26675006608832
MSFT,2026-02-07 10:19:00,100.24910077214788,-0.055023987020399845,100.24911289346387,100.29691392469798,100.24447225159558
MSFT,2026-02-07 10:20:00,100.16103946048494,-0.35500525230329094,100.19698469383397,100.20708324077135,100.12572738275279
MSFT,2026-02-07 10:21:00,100.20437844554696,0.28714092441360045,100.15747081567734,100.24135783912827,100.15703452062726
MSFT,2026-02-07 10:22:00,100.20746754872381,-0.6279990184216961,100.23179455757214,100.23813605146198,100.18547065860717
MSFT,2026-02-07 10:23:00,100.3245732735013,-0.4343552442192123,100.37020837898054,100.38234760967232,100.29597158693298
MSFT,2026-02-07 10:24:00,100.45246602366493,-0.568586863830239,100.42140588482611,100.47725868776772,100.41645411314995
MSFT,2026-02-07 10:25:00,100.3384620631526,0.22766326157246405,100.31458003581582,100.38110230243491,100.30379127763017
MSFT,2026-02-07 10:26:00,100.17437093965648,-0.48885948710876354,100.14495292814372,100.20053694146179,100.13820105727605
MSFT,2026-02-07 10:27:00,100.15008057950325,0.4265364669120415,100.1028884269299,100.16479370329984,100.06226938084296
MSFT,2026-02-07 10:28:00,100.15373671565987,-0.5110364139696372,100.1072263307355,100.16975005740491,100.09291102070662
MSFT,2026-02-07 10:29:00,100.02763321267118,-0.010656036333871358,100.00929720092653,100.03440643779899,99.9990841601319
MSFT,2026-02-07 10:30:00,100.22488872377151,0.2994288173407974,100.26796074818667,100.29334491627483,100.21544473437115
MSFT,2026-02-07 10:31:00,100.09484554648263,-0.4887296906740988,100.1251180365372,100.12618880783147,100.06143229548769
MSFT,2026-02-07 10:32:00,99.96114206793258,0.390807420561812,99.96685340173246,99.9996584682451,99.95934721388905
MSFT,2026-02-07 10:33:00,100.06428414332044,-0.38568581590225914,100.09291104454334,100.13802296382062,100.06343867638027
MSFT,2026-02-07 10:34:00,100.14017865273665,-0.37581240328579857,100.15335763922323,100.18708674727223,100.1269008110061
MSFT,2026-02-07 10:35:00,100.25604226314776,0.24303711290152805,100.28060974670792,100.28939284218035,100.24112754343209
MSFT,2026-02-07 10:36:00,100.24413028965026,-0.37375369219621646,100.21909778287733,100.25516244319697,100.17923475402425
MSFT,2026-02-07 10:37:00,100.2229769076143,0.8468735494833863,100.18222375856719,100.2374171603166,100.13693890846174
MSFT,2026-02-07 10:38:00,100.24251128147888,0.6358750813317582,100.24820179860201,100.29185572729882,100.24059115060345
MSFT,2026-02-07 10:39:00,100.36474212919389,0.3114384383434409,100.32568479498337,100.39234715001523,100.27925105400031
MSFT,2026-02-07 10:40:00,100.35697822234572,0.4684907086856014,100.32045041141967,100.4020099195483,100.31091747884894
MSFT,2026-02-07 10:41:00,100.3057463739456,0.18212615875794064,100.34599349415865,100.37198567096277,100.27096069899433
MSFT,2026-02-07 10:42:00,100.36160895734761,-0.08995507301965072,100.37184454198504,100.41724812200725,100.3317056035841
MSFT,2026-02-07 10:43:00,100.3830833097361,-0.1231810881850465,100.33525531950787,100.42181318084062,100.29977318504595
MSFT,2026-02-07 10:44:00,100.45714977669053,-0.8001105347453376,100.41892813261055,100.47901891438417,100.39712201478442
MSFT,2026-02-07 10:45:00,100.5460639582905,0.07427344237282182,100.52621754340163,100.5580392734496,100.4951760117456
MSFT,2026-02-07 10:46:00,100.53233891388601,-0.6825031584879357,100.50488190114012,100.54152656598843,100.50116717373983
MSFT,2026-02-07 10:47:00,100.47468803015224,0.6616654879132018,100.50642742979512,100.54789788398811,100.47278171582394
MSFT,2026-02-07 10:48:00,100.47100551269286,0.05877076136805475,100.47298675043531,100.52002983579793,100.42745254164595
MSFT,2026-02-07 10:49:00,100.43369682125642,0.13927514074411157,100.42106918396182,100.47796996337944,100.37636517484539
MSFT,2026-02-07 10:50:00,100.59537197664456,-0.7907462083311483,100.5679276032434,100.61105964695099,100.54745164161291
MSFT,2026-02-07 10:51:00,100.78331721406592,-0.09068080798380578,100.82974918653167,100.86654342045853,100.73607604103627
MSFT,2026-02-07 10:52:00,100.87583958881105,0.03387839250683852,100.84210161266508,100.89614686852698,100.80146717598589
MSFT,2026-02-07 10:53:00,100.93601316525064,0.4785967036527783,100.95389625133863,100.99648740911033,100.91183122564411
MSFT,2026-02-07 10:54:00,100.92865201102384,-0.2939698808420143,100.95307921119152,100.99021049147198,100.92407328866598
MSFT,2026-02-07 10:55:00,100.96157875301743,0.03751207418507452,100.97905081333933,100.9872188384528,100.95573749172279
MSFT,2026-02-07 10:56:00,100.81776134851215,0.04305356874752572,100.77588749333074,100.82699381804348,100.75929680906087
MSFT,2026-02-07 10:57:00,100.89466137261155,0.4017685222712157,100.91630195011656,100.91960192628426,100.87147681948291
MSFT,2026-02-07 10:58:00,100.8321202375834,-0.10988193275262417,100.82341460620249,100.8608723405101,100.78342741279519
MSFT,2026-02-07 10:59:00,100.88510837683677,-0.11797944926825464,100.87702663922138,100.90051844863534,100.85748380653136
MSFT,2026-02-07 11:00:00,100.96994541851089,0.2147525129814003,101.01437963492185,101.03676452766899,100.94521682420158
MSFT,2026-02-07 11:01:00,101.20894031960196,-0.04333702051676792,101.2095468948171,101.24641216667123,101.2071429664906
MSFT,2026-02-07 11:02:00,101.22557027253607,0.1502068159382025,101.25979677791015,101.29191644554093,101.1814003467303
MSFT,2026-02-07 11:03:00,101.2139891159378,0.9257574059936448,101.1974684788585,101.24839460602394,101.16968204128247
MSFT,2026-02-07 11:04:00,101.07644990693584,-0.001644947373939487,101.03577643879936,101.11644258567166,100.9869321086713
MSFT,2026-02-07 11:05:00,101.08598707745323,-0.4570756765451572,101.06595370977678,101.12734560555543,101.06456954225972
MSFT,2026-02-07 11:06:00,101.01585333080739,0.24432576273061027,101.03224563828431,101.07135811390656,101.00310992711957
MSFT,2026-02-07 11:07:00,101.16376635135744,0.9337652268923334,101.11879157342375,101.17051731028373,101.0874191636865
MSFT,2026-02-07 11:08:00,101.0879852156759,-0.14809933842432044,101.04300108312553,101.09102685783745,100.99617204323677
MSFT,2026-02-07 11:09:00,101.14672856849423,-0.12637408517773416,101.13741020204789,101.17484252104256,101.09915631019426
MSFT,2026-02-07 11:10:00,101.10945368896377,-0.2770861577653738,101.06711080453535,101.14830747916145,101.04263626241271
MSFT,2026-02-07 11:11:00,101.0335668418559,0.3935164239978571,101.06091723292263,101.06512215078683,101.0125496882794
MSFT,2026-02-07 11:12:00,101.10224004597109,-0.39453196702338683,101.06734216970897,101.1231694411429,101.04840665995401
MSFT,2026-02-07 11:13:00,100.92615267454998,-0.536361759769905,100.94923498323546,100.95864438115665,100.87907092806574
MSFT,2026-02-07 11:14:00,100.8081988437389,0.4089821969438048,100.80265005598224,100.85376192814017,100.76273216700444
MSFT,2026-02-07 11:15:00,100.94430428544891,-0.27252178590307535,100.90025127938804,100.95927948573679,100.85216983223395
MSFT,2026-02-07 11:16:00,101.0722585278967,-0.7078645082081775,101.03420259123764,101.08500408557917,100.99826670230216
MSFT,2026-02-07 11:17:00,100.99028330631944,-0.20355962348984674,101.02769902510038,101.07649594326604,100.95251310818793
MSFT,2026-02-07 11:18:00,100.90434145616992,0.595969897659361,100.94990483699867,100.95806653642443,100.86756841275083
MSFT,2026-02-07 11:19:00,100.90424043190806,-0.09677895798337047,100.88174061791243,100.9332606365556,100.86134412411789
MSFT,2026-02-07 11:20:00,100.85377283207218,-0.3894634858325695,100.90105338784029,100.91525739216806,100.83537247387108
MSFT,2026-02-07 11:21:00,100.67798811989837,0.06042427962994765,100.6946919477558,100.73615669878295,100.6645445230072
MSFT,2026-02-07 11:22:00,100.52774325605729,-0.18836195344727116,100.49665900771619,100.53085994740209,100.47244866985368
MSFT,2026-02-07 11:23:00,100.67896981701077,0.32441356218437467,100.67191447457228,100.70899018766833,100.64801009363708
MSFT,2026-02-07 11:24:00,100.70586355835033,0.8414192744943286,100.65660372070778,100.7368957368765,100.61813092225778
MSFT,2026-02-07 11:25:00,100.77783876330429,0.10023205959872426,100.7704048924843,100.81844598169516,100.73007319680349
MSFT,2026-02-07 11:26:00,100.71682375853646,-0.14705729320247268,100.7467440305576,100.75662621254727,100.6806962552664
MSFT,2026-02-07 11:27:00,100.74704285301799,0.12932567876622944,100.7498651923912,100.77557799472793,100.72052588860981
MSFT,2026-02-07 11:28:00,100.9484991242216,0.03375162482122261,100.9937320272634,101.03109231596852,100.90347221892348
MSFT,2026-02-07 11:29:00,101.15778246907101,0.3938070073433971,101.17818924568775,101.19769867269945,101.14393028494759
MSFT,2026-02-07 11:30:00,100.94509435296109,-1.0,100.96744047671119,100.97187613595275,100.94249219725033
MSFT,2026-02-07 11:31:00,101.05546047431572,-0.035755216187594724,101.09771819345669,101.12813811187638,101.00644994406531
MSFT,2026-02-07 11:32:00,101.13898127293514,-0.07347881327632574,101.18401757499073,101.19787382133099,101.13633335670268
MSFT,2026-02-07 11:33:00,101.07627924629179,0.7004904777261495,101.08976806612645,101.10905714569844,101.06216584611668
MSFT,2026-02-07 11:34:00,101.00912175788973,-0.2507364179158284,100.99503938149316,101.05802313938506,100.98710357295424
MSFT,2026-02-07 11:35:00,100.9865152238504,-0.43125396485660633,100.94077596267773,101.01660443042506,100.92462337493255
MSFT,2026-02-07 11:36:00,101.04068349861015,-0.11785065438097053,101.01535147564809,101.0479986821517,100.9797535164873
MSFT,2026-02-07 11:37:00,100.97034573861055,0.31543784954209847,100.93360394398546,101.01086684860054,100.91822765374992
MSFT,2026-02-07 11:38:00,100.85597553106088,0.2229711069731132,100.85840974315835,100.87933889046413,100.8074471419174
MSFT,2026-02-07 11:39:00,100.97594688931373,-0.26704725485345443,100.99490595695482,100.99845472198932,100.93965674334879
MSFT,2026-02-07 11:40:00,100.96839879731161,-0.6654838841558347,100.9652022177869,100.97124295324107,100.91850565000276
MSFT,2026-02-07 11:41:00,101.05016556583595,-0.19602373758885674,101.05287346731217,101.07487781348814,101.02554145157026
MSFT,2026-02-07 11:42:00,100.93947017817338,-0.08563094083839379,100.96580794692905,100.97297097956057,100.89098876126194
MSFT,2026-02-07 11:43:00,100.79006587239343,-0.019610290600962206,100.79496906201184,100.84214502805517,100.78838741399782
MSFT,2026-02-07 11:44:00,100.72062934480044,-0.2670548108496321,100.7387142950725,100.77959414188955,100.6805648592421
MSFT,2026-02-07 11:45:00,100.89528105209085,0.2696030506240107,100.90369373558336,100.93617094543413,100.87772950129745
MSFT,2026-02-07 11:46:00,101.01302575307349,0.18156041264152137,100.98568371167629,101.02496538102888,100.98215969317518
MSFT,2026-02-07 11:47:00,101.11497604349036,0.024765669980588725,101.15288870200327,101.19496874515283,101.11283887280221
MSFT,2026-02-07 11:48:00,101.09686707732983,0.09551079319340222,101.11986344971827,101.16445354034398,101.05337909221765
MSFT,2026-02-07 11:49:00,101.14078854423745,0.34109743105816565,101.17273014910499,101.18545856783061,101.09597748318332
MSFT,2026-02-07 11:50:00,101.24402527220464,0.36565847575668875,101.26086180224546,101.28101218241258,101.21575453691125
MSFT,2026-02-07 11:51:00,101.17550068252977,-0.056992881928566136,101.19440124027706,101.2074946923842,101.13839551322465
MSFT,2026-02-07 11:52:00,101.09365004058166,0.614209141309239,101.13192375608993,101.14164421837056,101.05336157339299
MSFT,2026-02-07 11:53:00,101.24631302323915,-0.7507777550727252,101.23563560167912,101.28738657002374,101.22072842090147
MSFT,2026-02-07 11:54:00,101.18698739468162,-0.45671342239675305,101.13905785621684,101.22202213950628,101.11395549630862
MSFT,2026-02-07 11:55:00,101.09937995779637,-0.3036855763035995,101.11943215529321,101.15980671483283,101.05973064028616
MSFT,2026-02-07 11:56:00,101.18955266102674,0.38542718855390395,101.2172735567551,101.25922487222948,101.17233056793734
MSFT,2026-02-07 11:57:00,100.95737538533814,-0.14673237001314626,100.98380546772063,101.02432153086394,100.9188531864998
MSFT,2026-02-07 11:58:00,101.01007972392058,0.011387984731512858,101.01094311666544,101.02895239411016,100.98642146488811
MSFT,2026-02-07 11:59:00,101.02197336652242,-0.44019126192268,100.98696131703717,101.07046185157469,100.98459384359616
MSFT,2026-02-07 12:00:00,101.1330758741697,0.279685921698473,101.16251071858592,101.16356519956642,101.13044326099173
MSFT,2026-02-07 12:01:00,101.12962738466194,0.0010237204660776655,101.14655823056654,101.19210492782403,101.11316344867546
MSFT,2026-02-07 12:02:00,101.0545647901923,0.26918634250906903,101.0048663274982,101.09404664541954,101.00047308500768
MSFT,2026-02-07 12:03:00,101.07983925949905,-0.34668097737061937,101.05102313660507,101.12477186300755,101.04793190580743
MSFT,2026-02-07 12:04:00,101.10305262068917,-0.5288535826517745,101.14596528612067,101.1923664411325,101.05983101349662
MSFT,2026-02-07 12:05:00,101.09014960157535,0.5196396776469697,101.07919397161972,101.11928535861334,101.04204302865189
MSFT,2026-02-07 12:06:00,101.18193009706148,-0.17146361345879663,101.1494009545707,101.22033275947615,101.12095449249512
MSFT,2026-02-07 12:07:00,101.13128118167705,0.19311890976192597,101.08769340622906,101.17788422727241,101.04091778886067
MSFT,2026-02-07 12:08:00,101.29894908015766,0.257665689647768,101.29843611919208,101.3250284985626,101.24884799779849
MSFT,2026-02-07 12:09:00,101.37349529957103,0.316004900878273,101.33248902557096,101.41416786042866,101.32281112791688
MSFT,2026-02-07 12:10:00,101.42904178307302,-0.015367506499846438,101.38428531075215,101.46159850973976,101.34507281160981
MSFT,2026-02-07 12:11:00,101.40177371443319,0.8048917588111423,101.42192866365326,101.42482364728794,101.37839226757957
MSFT,2026-02-07 12:12:00,101.22361603605736,0.09072888632105618,101.2176508341672,101.2437416493083,101.19698285289834
MSFT,2026-02-07 12:13:00,101.357855689427,0.7915012559294001,101.34057232775798,101.38083967637786,101.30573077024488
MSFT,2026-02-07 12:14:00,101.3744303920059,-0.11483770806809215,101.39907347731952,101.40594717030874,101.32925968987257
MSFT,2026-02-07 12:15:00,101.4375995993984,-0.06633855237893845,101.48024157280118,101.50639193855203,101.39454835368893
MSFT,2026-02-07 12:16:00,101.40070194366326,-0.6110633487451946,101.40939567436303,101.42066267829591,101.38996807708219
MSFT,2026-02-07 12:17:00,101.41307727908575,-0.21803258643271806,101.43563044129574,101.48371376138053,101.38550195925271
MSFT,2026-02-07 12:18:00,101.31847493501057,-0.26974359095678585,101.35677152463457,101.39006720862001,101.28996096448675
MSFT,2026-02-07 12:19:00,101.16355069909329,-0.5484473799022311,101.15178336979126,101.1752330553675,101.10636274298595
MSFT,2026-02-07 12:20:00,101.11006979734856,-0.3932013100507806,101.14217668218167,101.18420543764996,101.10333740778364
MSFT,2026-02-07 12:21:00,101.12291673157573,0.7637782224977341,101.10826135342782,101.12693812792067,101.0773640561717
MSFT,2026-02-07 12:22:00,101.23765386096446,-0.29440961845267755,101.28372533955748,101.3086532880982,101.2122997461426
MSFT,2026-02-07 12:23:00,101.3405722433857,0.386520024067502,101.3796495940871,101.4120030306775,101.31404375018417
MSFT,2026-02-07 12:24:00,101.37897866826077,0.27754153611901916,101.34062315200788,101.39159616695991,101.33667735532163
MSFT,2026-02-07 12:25:00,101.36070126969842,-0.6226331329960109,101.37610233127951,101.38294193192006,101.34284386054496
MSFT,2026-02-07 12:26:00,101.35414557855937,-0.23836596619276432,101.32400405502688,101.39200694181267,101.27766501077481
MSFT,2026-02-07 12:27:00,101.43669720369894,0.17938955685053448,101.39630869466865,101.45387076048938,101.35006422546539
MSFT,2026-02-07 12:28:00,101.34856815211154,-0.41517819943947915,101.36599854281681,101.39336726294188,101.3060071163893
MSFT,2026-02-07 12:29:00,101.41349469922936,-0.1529083896023784,101.45486160038165,101.4734428396478,101.36847892461843
MSFT,2026-02-07 12:30:00,101.61521648201699,-0.39954891913116086,101.61940089733258,101.64221427129434,101.57146917533484
MSFT,2026-02-07 12:31:00,101.51272338978325,0.02799929103575944,101.55651054035154,101.58644172661586,101.46844839607576
MSFT,2026-02-07 12:32:00,101.29703139566192,0.4618429724151869,101.28337402190182,101.34315172297023,101.25479582733428
MSFT,2026-02-07 12:33:00,101.27791510570425,-0.06824487810643003,101.27944057617951,101.3018361674138,101.2756416721916
MSFT,2026-02-07 12:34:00,101.22603690860623,-0.04867612715746247,101.18707046904797,101.25783798423033,101.17721855064927
MSFT,2026-02-07 12:35:00,101.10448254431772,-0.32176357068830885,101.09646389078794,101.13423443523955,101.05987236416568
MSFT,2026-02-07 12:36:00,101.14438078882138,-0.3718967271209809,101.18846742177958,101.21590420692964,101.14189709807079
MSFT,2026-02-07 12:37:00,101.11518337586806,-0.023170769812895134,101.11843954189004,101.14767194437609,101.0735181071827
MSFT,2026-02-07 12:38:00,101.2656449182252,-0.7583200244972982,101.28134815032793,101.29019808266894,101.26444735873706
MSFT,2026-02-07 12:39:00,101.12422153023542,0.07468195431264213,101.14985510676051,101.16497349614083,101.09134151104756
MSFT,2026-02-07 12:40:00,101.04208808868972,0.12536711987424884,101.07318254545508,101.08425659742501,101.03284765096696
MSFT,2026-02-07 12:41:00,101.12167956361013,-0.22451284231162685,101.07810648545035,101.13820077739516,101.05762397561786
MSFT,2026-02-07 12:42:00,101.15922991220464,0.041984646725281856,101.15656208023773,101.16783652729414,101.14318639279043
MSFT,2026-02-07 12:43:00,101.24046749132339,0.7712969052645708,101.23621107655377,101.24346976772547,101.22979901775771
MSFT,2026-02-07 12:44:00,101.16280616943953,0.018036647823234837,101.15153472356117,101.18412897216571,101.10725263515383
MSFT,2026-02-07 12:45:00,101.29623250509897,0.29094537675028115,101.3382413126273,101.38155992923012,101.25921996338177
MSFT,2026-02-07 12:46:00,101.14817356720879,0.23684617077126613,101.11773944280834,101.15362119369742,101.11336507683949
MSFT,2026-02-07 12:47:00,101.27186993910325,0.2096755110286832,101.23562092622257,101.31377431075902,101.21085436041311
MSFT,2026-02-07 12:48:00,101.2825122251574,-0.2725360993948248,101.31015558363036,101.33719629262326,101.26126491313882
MSFT,2026-02-07 12:49:00,101.24521442692533,0.20729980910829682,101.2767988208851,101.304826063742,101.23816281702506
MSFT,2026-02-07 12:50:00,101.13424767855352,-0.07476334861661629,101.09563482231765,101.1774164637555,101.07354369105526
MSFT,2026-02-07 12:51:00,101.0582062225201,-0.03462500395209471,101.03196511235065,101.08339153316922,101.02822327463419
MSFT,2026-02-07 12:52:00,101.08592739489478,0.5806432030634279,101.06621920996443,101.08939101216933,101.03208763732805
MSFT,2026-02-07 12:53:00,101.00636479603773,-0.28185183513226475,100.96973818320683,101.04462631839469,100.92372672029032
MSFT,2026-02-07 12:54:00,101.15966891979394,0.13595932234777902,101.18290049014725,101.21027386465366,101.15342980153028
MSFT,2026-02-07 12:55:00,101.24189481342998,-0.1966122128040909,101.23432321270809,101.2667733843014,101.22060956343353
MSFT,2026-02-07 12:56:00,101.08036616657333,0.04347030130874471,101.0484406703361,101.12686844106882,101.03272895547511
MSFT,2026-02-07 12:57:00,101.14416043675018,0.6656704276666725,101.14750974497568,101.14845498394297,101.12900912497135
MSFT,2026-02-07 12:58:00,101.15269039877367,0.3834214437839823,101.17703209706164,101.20730700892652,101.10474891764908
MSFT,2026-02-07 12:59:00,101.17989505983792,-0.14379905012485236,101.17923125469463,101.22319714542692,101.14676964750926
MSFT,2026-02-07 13:00:00,100.93231788287319,-0.34899888602331436,100.90648420497573,100.95186994697035,100.86048529163386
MSFT,2026-02-07 13:01:00,101.03827681059212,-0.3107293626637375,101.08536565878599,101.10246422940081,101.00203483940327
MSFT,2026-02-07 13:02:00,101.09286077683294,0.212590083662188,101.10023268723641,101.12560502025423,101.04791960917312
MSFT,2026-02-07 13:03:00,101.10867149862592,-0.265712436463161,101.1380201934035,101.14180575854867,101.09369317772864
MSFT,2026-02-07 13:04:00,101.24084948728033,0.5638092854971662,101.26535012014675,101.28427177474916,101.21653636677074
MSFT,2026-02-07 13:05:00,101.0670900979059,0.08744264336361812,101.04549571348755,101.10925492604679,100.99797472891564
MSFT,2026-02-07 13:06:00,101.04412902033177,0.1922698649211268,101.02075377908864,101.07403181601575,100.99842557590452
MSFT,2026-02-07 13:07:00,101.03850336614259,0.2786381848267121,101.04139854406009,101.05683505537488,101.00859017716564
MSFT,2026-02-07 13:08:00,100.94118590207322,-0.03987389249077333,100.98853200061765,101.02927156088325,100.92430545096698
MSFT,2026-02-07 13:09:00,101.04872647627259,0.5866263018004221,101.02803776407839,101.07176472424499,100.98099406880209
MSFT,2026-02-07 13:10:00,101.18704680490683,0.01630054534801011,101.13966889067275,101.22440647491568,101.11626277878355
MSFT,2026-02-07 13:11:00,101.29605114283777,0.2783069364177126,101.26066961823553,101.34231830608243,101.22714202145653
MSFT,2026-02-07 13:12:00,101.35036446256184,-0.14162985486248764,101.36617293432275,101.38839757694114,101.31525035294108
MSFT,2026-02-07 13:13:00,101.47979763367746,-0.07239224890615692,101.50765834475456,101.50860950021476,101.47324710872334
MSFT,2026-02-07 13:14:00,101.31409197403343,0.4790055044169075,101.33090396651184,101.33901813285206,101.3064780258173
MSFT,2026-02-07 13:15:00,101.40696798258901,0.2559307197716044,101.37475878007174,101.43024017001903,101.37364471970152
MSFT,2026-02-07 13:16:00,101.41477919113164,-0.26499084460865807,101.39108644183463,101.45271548079181,101.38933627577157
MSFT,2026-02-07 13:17:00,101.34988763061354,-0.48320692030296436,101.31361995741463,101.39304153348422,101.29471706109985
MSFT,2026-02-07 13:18:00,101.44028484076162,-0.7082418165280191,101.41600229618562,101.46385551138114,101.39353043428909
MSFT,2026-02-07 13:19:00,101.59201035240041,0.7357115144304345,101.56870139163951,101.61580682543675,101.5291059368513
MSFT,2026-02-07 13:20:00,101.47847352136861,-0.4533289764565533,101.52496312351761,101.54086058560299,101.46449269077512
MSFT,2026-02-07 13:21:00,101.4440651899185,-0.05752643329300964,101.44728220382798,101.46901231857021,101.41464017158388
MSFT,2026-02-07 13:22:00,101.48309610488354,0.08280542531386803,101.43843257696963,101.52971574598732,101.41798100939587
MSFT,2026-02-07 13:23:00,101.50381473033175,0.15140641514699105,101.46073530192044,101.5534489098756,101.42568204866382
MSFT,2026-02-07 13:24:00,101.43637552941003,-0.5618001756407298,101.39364676110876,101.43806065328485,101.35255227245227
MSFT,2026-02-07 13:25:00,101.49590108911649,0.5021193607950181,101.50014317271237,101.53062428038031,101.44812454508703
MSFT,2026-02-07 13:26:00,101.53024730311623,0.6567440459621235,101.56672049095164,101.59731663914272,101.5276794687737
MSFT,2026-02-07 13:27:00,101.57257015031914,-0.07944622099346525,101.54853921727097,101.59127676113476,101.53565485675989
MSFT,2026-02-07 13:28:00,101.58995785408148,0.42186075929747696,101.62848600581795,101.64963331942194,101.56195739608354
MSFT,2026-02-07 13:29:00,101.60496506578913,-0.02814429819457308,101.61716380730628,101.65894131011748,101.59140818949354
MSFT,2026-02-07 13:30:00,101.47473724116773,-0.2559018092972573,101.4494203145643,101.485347993076,101.40784172824304
MSFT,2026-02-07 13:31:00,101.50879401599113,-0.24659953588103178,101.47543074410696,101.5197085924888,101.46518885106717
MSFT,2026-02-07 13:32:00,101.47406489884895,0.0652705145781979,101.44846690437909,101.48374282372255,101.43785883262744
MSFT,2026-02-07 13:33:00,101.47212567807104,0.23296879995168407,101.496554544624,101.53952114584469,101.43810448706505
MSFT,2026-02-07 13:34:00,101.52735546664229,0.7393313235274516,101.49578222053569,101.52959175059573,101.48766697429174
MSFT,2026-02-07 13:35:00,101.62997572813207,0.7193450453848033,101.61065788005138,101.63975002038086,101.56576079777736
MSFT,2026-02-07 13:36:00,101.57557660243592,-0.7582144155302015,101.56291998573818,101.58232622715603,101.5617786803474
MSFT,2026-02-07 13:37:00,101.44032204173651,0.13967296288960918,101.49007319305173,101.50173929724541,101.39467478092006
MSFT,2026-02-07 13:38:00,101.53643293773575,0.910548025773027,101.52072655992183,101.571178105338,101.48077372389666
MSFT,2026-02-07 13:39:00,101.38941777418829,0.3082043247146283,101.43256029203162,101.43286509593926,101.35473580702107
MSFT,2026-02-07 13:40:00,101.36360431583104,0.18090145156637943,101.33943566592697,101.40135689684644,101.3225483938552
MSFT,2026-02-07 13:41:00,101.49593300304807,-0.029292041227460337,101.54042674889337,101.55639966089055,101.48172072128601
MSFT,2026-02-07 13:42:00,101.72037791465046,0.5796245152573689,101.72058959673306,101.7574672812966,101.6983579592632
MSFT,2026-02-07 13:43:00,101.79923545674457,-0.08814121997933355,101.801292258072,101.80598366847434,101.76909091200758
MSFT,2026-02-07 13:44:00,101.75111963272353,-0.06491015811470892,101.75393594940512,101.77145491026941,101.72702744478545
MSFT,2026-02-07 13:45:00,101.84141359711901,-0.029590093025741317,101.86237070228393,101.90910118326944,101.82581936790649
MSFT,2026-02-07 13:46:00,101.7904667050083,0.3163481305462739,101.79068638533174,101.81210219904516,101.75041066611256
MSFT,2026-02-07 13:47:00,102.00981249977036,0.2731710347960343,101.98489533548181,102.01725632923319,101.94704372642721
MSFT,2026-02-07 13:48:00,101.96181759365606,0.20269144053412105,102.00707458517637,102.03703318163535,101.9409403429747
MSFT,2026-02-07 13:49:00,102.06804990911625,0.18747263648542492,102.06142687117845,102.11569740815199,102.0460546864784
MSFT,2026-02-07 13:50:00,101.98971570711944,-0.7213501800551406,102.02672382917704,102.04376744534228,101.94126169539658
MSFT,2026-02-07 13:51:00,102.17337353986116,-0.13016432519434723,102.16489980416523,102.18353605460422,102.13351705155355
MSFT,2026-02-07 13:52:00,102.21104860269413,-0.4202088588296303,102.2393015366257,102.28423855240965,102.17603090917902
MSFT,2026-02-07 13:53:00,102.15711074472922,-0.48226209452934726,102.1625074809771,102.21011257020771,102.14278712288313
MSFT,2026-02-07 13:54:00,102.17416703116399,-0.4533472199061579,102.1949433448302,102.23968614383824,102.13702366529124
MSFT,2026-02-07 13:55:00,102.12949955694624,0.08051619711451083,102.13717053682588,102.15602701241586,102.08902933778154
MSFT,2026-02-07 13:56:00,102.08789475279885,0.0974659444861499,102.0596915048572,102.13461719041942,102.04728147874131
MSFT,2026-02-07 13:57:00,102.13610841833541,-0.36926995492127207,102.16387451365428,102.18025882773524,102.09282984721358
MSFT,2026-02-07 13:58:00,102.01985415377652,0.48350724595864647,101.9890462623989,102.03191206801596,101.98654469105571
MSFT,2026-02-07 13:59:00,102.09040560556315,0.38674314415503924,102.13480821769188,102.17514530254101,102.04846936650557
MSFT,2026-02-07 14:00:00,102.11387280085096,0.017787072030945938,102.07066736281313,102.14657698690002,102.06024618405434
MSFT,2026-02-07 14:01:00,102.0170899195204,0.20401205077425458,102.03229452985099,102.04925552684858,101.97612444109001
MSFT,2026-02-07 14:02:00,101.84898839091413,-0.26675379097052926,101.82858912262459,101.87083704185994,101.80124834409258
MSFT,2026-02-07 14:03:00,101.91030522669058,0.050451673652691424,101.86405027719657,101.94927455990843,101.83250480277258
MSFT,2026-02-07 14:04:00,101.7186125150378,0.22768665561635687,101.71871025351241,101.74893189691403,101.69642278077305
MSFT,2026-02-07 14:05:00,101.66380353748677,0.2855833309491737,101.66980164216406,101.69351422658765,101.62594488009633
MSFT,2026-02-07 14:06:00,101.64269596906387,0.013952053800053625,101.62608522317116,101.64345055857149,101.57922762862235
MSFT,2026-02-07 14:07:00,101.64903427986737,0.10627987050475754,101.69066513457122,101.71831544203789,101.6089060978461
MSFT,2026-02-07 14:08:00,101.71182447857929,-0.2637303238339704,101.70331792155712,101.72341348297195,101.6973602175827
MSFT,2026-02-07 14:09:00,101.64131784824642,-0.051159392618601696,101.634905302336,101.68634789049749,101.60747056027712
MSFT,2026-02-07 14:10:00,101.53886824517816,-0.3134085104597223,101.52533163864496,101.58020549265132,101.49368568160641
MSFT,2026-02-07 14:11:00,101.58856228672816,0.006933959876324562,101.6342409743027,101.67599157318674,101.5414801233944
MSFT,2026-02-07 14:12:00,101.52828113278619,-0.07829209961919137,101.48088899196806,101.56133628646664,101.43295970579729
MSFT,2026-02-07 14:13:00,101.53375637301463,0.6702604329043622,101.51385019999042,101.56679623318671,101.47843844473692
MSFT,2026-02-07 14:14:00,101.33043584283133,-0.4463692051021106,101.29888958638699,101.36918271341317,101.27363088651492
MSFT,2026-02-07 14:15:00,101.36990995389723,0.3887847028195695,101.35169494962314,101.40351695322391,101.3388734102095
MSFT,2026-02-07 14:16:00,101.50178521880544,-0.1930185874956324,101.49313431108988,101.54345861003013,101.47358055756358
MSFT,2026-02-07 14:17:00,101.34079723439243,-0.6392755972968721,101.31573297762277,101.38264410560642,101.30598860231666
MSFT,2026-02-07 14:18:00,101.43805334463302,0.02211484835377763,101.48545903553533,101.52932460620217,101.42525538499702
MSFT,2026-02-07 14:19:00,101.41850980468816,0.1472038469872695,101.46411672021135,101.46805160449004,101.38371890406624
MSFT,2026-02-07 14:20:00,101.4605709948295,-0.23189425732799285,101.46378620066417,101.50526387857217,101.41887966126009
MSFT,2026-02-07 14:21:00,101.32414478338083,-0.08875968152360264,101.31140405604786,101.3737044150528,101.28422551968843
MSFT,2026-02-07 14:22:00,101.29763275067282,0.2512835587330942,101.25131013939574,101.32889419736598,101.22156228993825
MSFT,2026-02-07 14:23:00,101.15936258481509,-0.539674351926091,101.12683339719491,101.16149288946484,101.08760084799225
MSFT,2026-02-07 14:24:00,101.14144237046072,-0.2810120586556988,101.12287469031504,101.18230314415592,101.09954271509788
MSFT,2026-02-07 14:25:00,101.11482091400416,0.9513113765978037,101.11323324640877,101.13560705956004,101.07539641380464
MSFT,2026-02-07 14:26:00,101.106449304188,0.2929355966245409,101.10807978653337,101.15535246946314,101.095658649149
MSFT,2026-02-07 14:27:00,101.24000271304179,-0.09971186784830086,101.21440482361271,101.26364726193329,101.1927726017243
MSFT,2026-02-07 14:28:00,101.30519819767011,-0.047205616276655274,101.29193417115866,101.33514974616848,101.2690242845335
MSFT,2026-02-07 14:29:00,101.4664229155904,-0.09127013151425863,101.41973566558742,101.49529905633422,101.39599484296977
MSFT,2026-02-07 14:30:00,101.41453961486152,0.5056587077050327,101.3717809414637,101.44972530363239,101.36370311815193
MSFT,2026-02-07 14:31:00,101.50534712643697,-0.4444393065443816,101.47725539102991,101.54833892270344,101.46315669951201
MSFT,2026-02-07 14:32:00,101.47828982335028,-0.1814589133260562,101.48599099695167,101.48638972340547,101.45239633631022
MSFT,2026-02-07 14:33:00,101.67359525396934,0.3815759744016403,101.71340238360037,101.72681667736806,101.65855076634651
MSFT,2026-02-07 14:34:00,101.52716945241391,-0.19297446489025133,101.54182852784302,101.57709176946067,101.51675616017596
MSFT,2026-02-07 14:35:00,101.33923098184462,-0.6932014996694871,101.38443868625244,101.41301835961825,101.33377470835697
MSFT,2026-02-07 14:36:00,101.35756250919982,-0.016919349455498625,101.34394638039264,101.39102808231897,101.33770491762843
MSFT,2026-02-07 14:37:00,101.25385380342894,-0.4068248698558405,101.21347432464835,101.2878723326078,101.17444068296493
MSFT,2026-02-07 14:38:00,101.4784702927336,0.5161987045607769,101.47288206551333,101.49593402651203,101.46289040376284
MSFT,2026-02-07 14:39:00,101.4422251992221,-0.42282258950127666,101.45741744794144,101.4777488724336,101.43120630951653
MSFT,2026-02-07 14:40:00,101.46892770828943,0.45712403219881603,101.49572569298721,101.5122147249208,101.44508770412388
MSFT,2026-02-07 14:41:00,101.64900803846439,-0.31278171159972673,101.62344300616104,101.67942412624694,101.5944611885025
MSFT,2026-02-07 14:42:00,101.65094107790918,0.3205548628966789,101.63840289453066,101.67320821659598,101.60673461292137
MSFT,2026-02-07 14:43:00,101.58519375084353,-0.1031377644344329,101.5568512897561,101.5930449495608,101.51249225290877
MSFT,2026-02-07 14:44:00,101.64678181401038,0.7240357391289935,101.69656420379364,101.71504694979629,101.63209160190752
MSFT,2026-02-07 14:45:00,101.71653635642926,-0.33574235556527354,101.69082526211095,101.75408816416564,101.65698697869557
MSFT,2026-02-07 14:46:00,101.69008497675877,-0.8910130634820309,101.705237851142,101.75503132235418,101.67585773713635
MSFT,2026-02-07 14:47:00,101.6565777972754,-0.43575811143741716,101.6229339993942,101.68163483293725,101.61652283996152
MSFT,2026-02-07 14:48:00,101.50260640270442,0.20475363979353978,101.48343810326053,101.50989049464847,101.47549559982835
MSFT,2026-02-07 14:49:00,101.5034826524889,-0.31495650603624165,101.5138265696797,101.52860389990343,101.46318978366071
MSFT,2026-02-07 14:50:00,101.47025150816718,0.6325580425565993,101.43156601281254,101.50964239879666,101.410387673978
MSFT,2026-02-07 14:51:00,101.58997706825909,0.4251571662920265,101.56580472668846,101.62095458332097,101.5515301306784
MSFT,2026-02-07 14:52:00,101.75600083463614,0.5803217691546674,101.79678814324049,101.82556932689454,101.73499645960277
MSFT,2026-02-07 14:53:00,101.69705520130557,-0.04744316080227792,101.7201319983653,101.75308987728489,101.6835749469435
MSFT,2026-02-07 14:54:00,101.62584923685934,-0.45179298682424274,101.61344372449031,101.64392308102161,101.57245830476951
MSFT,2026-02-07 14:55:00,101.58651278566374,-0.15795017816628015,101.57230349410243,101.63277715666702,101.5616552822347
MSFT,2026-02-07 14:56:00,101.63424798401738,0.13585838601745984,101.59774013170505,101.66720223572557,101.56381041011502
MSFT,2026-02-07 14:57:00,101.71874003940141,-0.12716541816194227,101.70749963978515,101.72440133328287,101.66508384454431
MSFT,2026-02-07 14:58:00,101.94103241508918,0.8344542452986708,101.91626403614869,101.94247917800736,101.8974807533472
MSFT,2026-02-07 14:59:00,101.88403681029149,0.5112016643891985,101.92191167284983,101.94200671040362,101.88303860610199
MSFT,2026-02-07 15:00:00,101.80340581410934,0.3434283973018389,101.81778651143479,101.82261540294216,101.79412775987888
MSFT,2026-02-07 15:01:00,101.83862839393036,-0.39113936514460135,101.87397581038665,101.91612897635376,101.82867321599315
MSFT,2026-02-07 15:02:00,101.76818287086266,0.5781247409759852,101.73469819718976,101.78362939248342,101.71983758542275
MSFT,2026-02-07 15:03:00,101.85073568830693,0.2239724385044065,101.90055265205723,101.91046654920684,101.80478003048118
MSFT,2026-02-07 15:04:00,101.92118560122694,-0.4481489561808216,101.88739792401856,101.9680549284413,101.8809712300252
MSFT,2026-02-07 15:05:00,101.93641363513309,-0.13535055758356562,101.90263144983531,101.95726017207974,101.88346088791666
MSFT,2026-02-07 15:06:00,101.84639362364443,-0.10031210267152713,101.88067160796852,101.89799942724129,101.80377854348788
MSFT,2026-02-07 15:07:00,101.81609065220046,-0.1840551912745355,101.845315680615,101.88891991050932,101.77476849157664
MSFT,2026-02-07 15:08:00,101.99690518619276,0.4195395577668235,102.02586358582644,102.05883891222102,101.96498235600592
MSFT,2026-02-07 15:09:00,102.14158508831444,0.03184972267185987,102.13861162551665,102.14825831941795,102.12668204588523
MSFT,2026-02-07 15:10:00,101.91173910729187,0.03624260226549239,101.94774911467778,101.97956457181803,101.89048212495828
MSFT,2026-02-07 15:11:00,101.7796013288677,-0.003430765477684423,101.78284466293047,101.78604509289933,101.76690332059665
MSFT,2026-02-07 15:12:00,101.91955249314536,0.5416060063270817,101.89348935206694,101.93147544686454,101.87983069969599
MSFT,2026-02-07 15:13:00,102.01312024702887,0.23343932304612572,102.02701178766657,102.06059489090866,102.00988642092828
MSFT,2026-02-07 15:14:00,102.01081504592628,-0.17860142727541822,102.02640229555723,102.03642673425101,101.97912292657212
MSFT,2026-02-07 15:15:00,102.0293289602783,-1.0,101.98480316211756,102.06631330691388,101.94786471264929
MSFT,2026-02-07 15:16:00,102.13267297489512,0.3509033927875725,102.14507876936096,102.1731858824142,102.10153158726575
MSFT,2026-02-07 15:17:00,102.21736431499842,0.30977072620343127,102.2086600236063,102.26605766661321,102.17776402364764
MSFT,2026-02-07 15:18:00,102.23511232467045,-0.0033695065628068094,102.208468578414,102.27348945373815,102.18109186771737
MSFT,2026-02-07 15:19:00,102.34067677379922,0.3431274837434298,102.36388645506301,102.39295481842744,102.32425887077851
MSFT,2026-02-07 15:20:00,102.20159737754854,-0.5300935704936878,102.20244805016756,102.21723470814162,102.17170883120063
MSFT,2026-02-07 15:21:00,102.16224834781674,-0.637380620349912,102.11546981522748,102.18100964101934,102.06851826782906
MSFT,2026-02-07 15:22:00,102.05618845931652,-0.730857071957523,102.10423949823875,102.11750588863633,102.02917073365833
MSFT,2026-02-07 15:23:00,102.05238860911831,0.16866474460095504,102.0656142019137,102.09523300017916,102.02495062985912
MSFT,2026-02-07 15:24:00,101.95961201062288,0.2932798226738824,101.97073343590925,102.01254998553854,101.91977505949974
MSFT,2026-02-07 15:25:00,102.14475133475061,0.5025395940644584,102.15810680499325,102.15901347663478,102.0974598910575
MSFT,2026-02-07 15:26:00,102.01577858506992,-0.058416036710693675,102.01709261817383,102.06040412570668,101.97535440408953
MSFT,2026-02-07 15:27:00,102.05332916868092,-0.43084966595715524,102.0493806177033,102.10001354698319,102.00711760570161
MSFT,2026-02-07 15:28:00,102.06474528716332,-0.05213934988479159,102.08920350584671,102.12301041770658,102.03243969594548
MSFT,2026-02-07 15:29:00,101.96845897961293,-0.47997883667743874,101.96742180618698,102.00927093118777,101.93323883540423
MSFT,2026-02-07 15:30:00,101.97032586232284,0.4244544348204115,101.94773009642218,102.01721332894299,101.91709530336685
MSFT,2026-02-07 15:31:00,102.13677396617135,0.9128876939429994,102.13378267598185,102.14383743336444,102.12568032930855
MSFT,2026-02-07 15:32:00,102.18480495226632,-0.11856837439039838,102.22844246299127,102.27276818586029,102.14363558202982
MSFT,2026-02-07 15:33:00,102.0557244218038,-0.033664660867180965,102.06243217427345,102.1104305219898,102.05205146999147
MSFT,2026-02-07 15:34:00,102.22960550072537,0.5781836593888471,102.19836436182973,102.27827272409206,102.1914911876483
MSFT,2026-02-07 15:35:00,102.23528377864598,0.08438329924929583,102.26424688234641,102.27559093198118,102.22682403473918
MSFT,2026-02-07 15:36:00,102.22729811633495,-0.15693720873568145,102.21630856024375,102.22926585681125,102.1961221425403
MSFT,2026-02-07 15:37:00,102.30652863973995,0.45823703197586263,102.28369463465577,102.35189166526965,102.27915934967264
MSFT,2026-02-07 15:38:00,102.30895635445464,-0.26610008712126704,102.30980389921496,102.31022739616486,102.30254124698438
MSFT,2026-02-07 15:39:00,102.0042131534469,-0.3039632621643964,102.03138532588197,102.04924159991481,101.99088200950644
MSFT,2026-02-07 15:40:00,102.05314986295056,-0.016402020841986296,102.03178044853071,102.09620403652389,101.98771184886446
MSFT,2026-02-07 15:41:00,102.17133687194894,-0.026850780908920277,102.20813939921165,102.23628083132265,102.15411878642391
MSFT,2026-02-07 15:42:00,102.1160899019782,0.08000742011615387,102.07962176676989,102.12718634090761,102.0508456290461
MSFT,2026-02-07 15:43:00,102.01374011151879,0.6076530924423039,101.9996215232646,102.06183126598016,101.9530028127391
MSFT,2026-02-07 15:44:00,101.72681836874601,-0.2906232169905571,101.69736282384193,101.74897543342107,101.67715609007557
MSFT,2026-02-07 15:45:00,101.91842571623559,-0.16530706076097298,101.89433150745376,101.96275871025675,101.88207761301376
MSFT,2026-02-07 15:46:00,101.89810758036508,-0.1151538713754795,101.9252647054112,101.94967470198013,101.88053183612043
MSFT,2026-02-07 15:47:00,101.83334588597222,-0.01570069572225875,101.86021726579973,101.87601682485028,101.79131326231433
MSFT,2026-02-07 15:48:00,101.82221339057674,-0.1337499890867321,101.80151473599744,101.86533891725662,101.76478368473708
MSFT,2026-02-07 15:49:00,101.78114584217406,-0.5663478133271902,101.74283036705303,101.79033316659441,101.69939588616207
MSFT,2026-02-07 15:50:00,101.7122054920124,-0.043164746560298006,101.693930576537,101.75887532742114,101.66414726208112
MSFT,2026-02-07 15:51:00,101.77717443926696,0.14129035171488127,101.80126958088752,101.84369135688556,101.76064703161728
MSFT,2026-02-07 15:52:00,101.80398971757806,0.5166538778313261,101.78538264528919,101.82462723942007,101.74129214324726
MSFT,2026-02-07 15:53:00,101.7195991513993,-0.5524871468708924,101.70888752610374,101.7505586129321,101.68444928481357
MSFT,2026-02-07 15:54:00,101.70993995379985,-0.2818849699421442,101.69580226741411,101.72830106755183,101.65105274192331
MSFT,2026-02-07 15:55:00,101.57393360364937,-0.4727937108080442,101.5564104250513,101.5898598550228,101.52064777980776
MSFT,2026-02-07 15:56:00,101.57663508606403,-0.20405224110623627,101.5516809871334,101.6169093877669,101.52487367255996
MSFT,2026-02-07 15:57:00,101.72068994091426,-0.12173765475758458,101.67474435667243,101.7321633969868,101.66305114715334
MSFT,2026-02-07 15:58:00,101.90601082714487,0.2700152905308451,101.94930202043156,101.95032722648054,101.90371133239726
MSFT,2026-02-07 15:59:00,101.88442514954542,-0.08778231300225962,101.90470319320143,101.91760634804713,101.86217467987498
TSLA,2026-02-07 09:30:00,100.11495420864996,-1.0,100.08033249957029,100.12066769514716,100.03616488991052
TSLA,2026-02-07 09:31:00,99.97814670363331,0.14789209968532688,99.98561636911833,100.00335828215944,99.97512475074853
TSLA,2026-02-07 09:32:00,99.91697324132036,-0.34597068823777505,99.93317865401721,99.98212938216592,99.89700322445745
TSLA,2026-02-07 09:33:00,99.70717511075426,0.2627375786345127,99.6702608629745,99.71711128164435,99.63296907296504
TSLA,2026-02-07 09:34:00,99.80625534389628,-0.20402537419983902,99.76895623778728,99.83193988775484,99.72315144760209
TSLA,2026-02-07 09:35:00,99.8443863293699,-0.5501866916549528,99.84183919650843,99.85284137694674,99.81544885879082
TSLA,2026-02-07 09:36:00,99.91743665584004,0.8185026989654948,99.94811610077835,99.97652285806295,99.8863701397829
TSLA,2026-02-07 09:37:00,99.99420447290444,-0.3939433052525632,100.04012120007734,100.04400008858623,99.97192890584215
TSLA,2026-02-07 09:38:00,100.09967860224107,-0.5240910342114439,100.07878213023778,100.11157185139528,100.06747785263488
TSLA,2026-02-07 09:39:00,100.12009368823945,0.24891110160439475,100.11499208122301,100.13311825616772,100.09524958468938
TSLA,2026-02-07 09:40:00,100.23501410143697,0.14947406276183187,100.18532692341704,100.25217630585448,100.14211169428381
TSLA,2026-02-07 09:41:00,100.10105389735455,-0.3815414503017889,100.06480048993458,100.12172907935594,100.05864588068768
TSLA,2026-02-07 09:42:00,100.21414874453369,-0.034919713715508255,100.20116111296164,100.22690752571857,100.17161484677523
TSLA,2026-02-07 09:43:00,100.22588552912286,-0.17407975469685535,100.19328420156054,100.24319651838759,100.15568700960594
TSLA,2026-02-07 09:44:00,100.23356089553143,-0.276846103628648,100.21160356179494,100.27773954487176,100.20712403076834
TSLA,2026-02-07 09:45:00,100.3354237540382,-0.24957791177753696,100.30743918347416,100.37981095923908,100.29630252262268
TSLA,2026-02-07 09:46:00,100.31244153196411,-0.5614250445352862,100.33146053038428,100.34133326895423,100.27128434616553
TSLA,2026-02-07 09:47:00,100.34091034929908,0.6132578898347216,100.31476072878986,100.37811170246538,100.30728496047581
TSLA,2026-02-07 09:48:00,100.48521827736721,-0.14221649825690402,100.47000302075874,100.5201043171109,100.4548775427535
TSLA,2026-02-07 09:49:00,100.57835171858065,1.0,100.57560543478651,100.60132055508869,100.5749236015509
TSLA,2026-02-07 09:50:00,100.46633653935895,-0.2683203027634185,100.47562671468654,100.5218863106246,100.4625014837447
TSLA,2026-02-07 09:51:00,100.33067300463536,-0.14230434981161547,100.29448136358576,100.36550524947577,100.25480389309669
TSLA,2026-02-07 09:52:00,100.47072608147357,0.3525692671613181,100.49226813471115,100.50362216777171,100.44054915010555
TSLA,2026-02-07 09:53:00,100.37273111836662,0.1958016772087326,100.35366745707728,100.39637547969754,100.30402896664636
TSLA,2026-02-07 09:54:00,100.40819159223949,0.47506203708270833,100.41307909872566,100.41731729264801,100.40480885584451
TSLA,2026-02-07 09:55:00,100.5273089163947,0.14682056168031643,100.51083300617753,100.54434463798478,100.46645784055528
TSLA,2026-02-07 09:56:00,100.25426085164436,-0.22580762370324936,100.26319693069719,100.29030023640871,100.21095892260834
TSLA,2026-02-07 09:57:00,100.15676255877884,-0.3533933587063614,100.14921672673059,100.1764263653395,100.13048239288788
TSLA,2026-02-07 09:58:00,100.27449446134699,0.19293387912050852,100.22602343215031,100.32220632302932,100.19777783982887
TSLA,2026-02-07 09:59:00,100.36499118721134,-0.7938986726753524,100.3420477208442,100.38295692445777,100.31222801736976
TSLA,2026-02-07 10:00:00,100.18551124177088,-0.6146749779092785,100.20102136334843,100.24596282588902,100.15234184109603
TSLA,2026-02-07 10:01:00,100.20818876480226,-0.4224681699250301,100.16779419881603,100.21753505345167,100.1216933296049
TSLA,2026-02-07 10:02:00,100.23186558700299,0.05620334357469258,100.25013464939828,100.29675091962642,100.18346204855618
TSLA,2026-02-07 10:03:00,100.23756783508905,0.04177482053413198,100.26557066888206,100.30532555152364,100.21679709482628
TSLA,2026-02-07 10:04:00,100.30448213555938,-0.05973225844853347,100.33284195580956,100.3802924110696,100.29938976687889
TSLA,2026-02-07 10:05:00,100.20494478223264,-0.43906601728699,100.17068297011697,100.22499978677104,100.1246539661057
TSLA,2026-02-07 10:06:00,100.22433432300646,0.497367049542272,100.21484479676003,100.26114145738345,100.17592863794184
TSLA,2026-02-07 10:07:00,100.37538142115585,0.13062848570672195,100.36598626368156,100.39353736471767,100.34951952183873
TSLA,2026-02-07 10:08:00,100.33934222553135,-0.8310196135936829,100.31297564347,100.38464392900107,100.30771570506846
TSLA,2026-02-07 10:09:00,100.31553799931521,0.04051934167238169,100.3613610297482,100.36908881451672,100.2831250993188
TSLA,2026-02-07 10:10:00,100.1608594701034,-0.8325144430937764,100.11835656157686,100.1680214195486,100.07786054727235
TSLA,2026-02-07 10:11:00,100.21047813107563,0.11694380899246187,100.225372248837,100.27376017875692,100.1650920526382
TSLA,2026-02-07 10:12:00,100.14427045874376,-0.7129152449373478,100.12005956332891,100.19177586925372,100.11735408490735
TSLA,2026-02-07 10:13:00,100.2079051161184,0.6593638223075576,100.17474633964058,100.23082437097312,100.13901128646197
TSLA,2026-02-07 10:14:00,100.25372282566454,0.23408658108661476,100.29687385998736,100.29840630770654,100.25162226194574
TSLA,2026-02-07 10:15:00,100.2588550058567,-0.35313988625354165,100.24745056864302,100.26527011549973,100.22239264932605
TSLA,2026-02-07 10:16:00,100.46425661503962,-0.27492342193846914,100.45123025508684,100.47207168755548,100.4169552025434
TSLA,2026-02-07 10:17:00,100.35849280568057,0.07850977965341244,100.33276158894397,100.37196832477244,100.3097012654382
TSLA,2026-02-07 10:18:00,100.33997656478779,-0.2713830387746459,100.30075644088878,100.37515277033751,100.2841828541278
TSLA,2026-02-07 10:19:00,100.33890275135414,-0.5139985322806758,100.37508547428402,100.41558025672684,100.29104536860912
TSLA,2026-02-07 10:20:00,100.41379983991348,-0.6457037644114519,100.37189900738527,100.44637276867563,100.35008874634428
TSLA,2026-02-07 10:21:00,100.4595131838244,0.6347989359541334,100.45047939636851,100.48926017455429,100.43589189327143
TSLA,2026-02-07 10:22:00,100.36191251121713,0.22753499455917559,100.35705297082393,100.36903189280935,100.31104633228122
TSLA,2026-02-07 10:23:00,100.48711150010874,0.6883461603053079,100.48328102718277,100.5001330273625,100.4740371721613
TSLA,2026-02-07 10:24:00,100.34050857251817,-0.1511556270565055,100.30728050976073,100.36005396259272,100.27744883387632
TSLA,2026-02-07 10:25:00,100.2592774370935,0.06804155058933176,100.2998986022408,100.31494807693666,100.25017945441397
TSLA,2026-02-07 10:26:00,100.31224652773865,-0.08592599368824255,100.32862622001808,100.37605613151474,100.2851314225293
TSLA,2026-02-07 10:27:00,100.31802230586322,0.005927464574653894,100.2995007814022,100.33864205264098,100.26180602691994
TSLA,2026-02-07 10:28:00,100.21903012490188,0.2744549887571555,100.20024549051223,100.22099334663898,100.15448654995386
TSLA,2026-02-07 10:29:00,100.36519002812028,0.1973416553571068,100.33317292420789,100.40018191973117,100.28792469619383
TSLA,2026-02-07 10:30:00,100.44954097514989,0.4627818373155361,100.49084531820806,100.52854339565515,100.4104764709661
TSLA,2026-02-07 10:31:00,100.63930695787835,-0.31999269298849825,100.6867993647498,100.70717537911545,100.62792666614466
TSLA,2026-02-07 10:32:00,100.46614954758647,0.15215349162507766,100.43500942251312,100.46654870257817,100.43224786419968
TSLA,2026-02-07 10:33:00,100.30791340665442,-0.19302297088173784,100.26967694500168,100.31536568548404,100.25047526080459
TSLA,2026-02-07 10:34:00,100.40942479526008,0.30837360120580487,100.3939640493571,100.45158317344654,100.37653170492304
TSLA,2026-02-07 10:35:00,100.50290485210269,0.2795122909830519,100.54230387397925,100.54953630621375,100.49843570656607
TSLA,2026-02-07 10:36:00,100.47113479186093,-0.38011930908917035,100.43019895254896,100.51540869420357,100.3994140313851
TSLA,2026-02-07 10:37:00,100.49946897539584,0.4544708344859218,100.47012665397561,100.54300924023354,100.42146673277298
TSLA,2026-02-07 10:38:00,100.56607261610861,-0.19012529530123354,100.53447038855307,100.60756255389283,100.49732346997314
TSLA,2026-02-07 10:39:00,100.67736142466123,0.003779034879935606,100.72323591408266,100.76118517023276,100.64588589739725
TSLA,2026-02-07 10:40:00,100.68500184325978,0.12570476665430216,100.68654625234628,100.68705385443467,100.67379678116826
TSLA,2026-02-07 10:41:00,100.71052470340214,-0.32196433058240737,100.73722555633364,100.74629851882429,100.67740499603853
TSLA,2026-02-07 10:42:00,100.71335543905865,0.16418829151637093,100.73623076229336,100.73758186294008,100.68249518842666
TSLA,2026-02-07 10:43:00,100.67289444435612,-0.28007229330547145,100.7075653039761,100.7237407576493,100.65913041216322
TSLA,2026-02-07 10:44:00,100.70253449955196,-0.4732833080780421,100.68270744050425,100.70502631204758,100.6406302519451
TSLA,2026-02-07 10:45:00,100.6796824731573,0.4108835388037899,100.66099771710626,100.7211525179974,100.6554504650092
TSLA,2026-02-07 10:46:00,100.65622347947803,0.30233308417674104,100.61954176328304,100.70389354546839,100.59895449098508
TSLA,2026-02-07 10:47:00,100.50880742613792,0.11844711817432506,100.47534730683856,100.54237582729628,100.460805801998
TSLA,2026-02-07 10:48:00,100.67705914759469,0.9594224354200439,100.67543069446478,100.68514730920641,100.64026029413219
TSLA,2026-02-07 10:49:00,100.74545371684141,0.2228003883596651,100.73090616847027,100.76544746443392,100.71202556844186
TSLA,2026-02-07 10:50:00,100.70811191328444,-0.629442819492414,100.69344205567356,100.74157778983462,100.67016832128269
TSLA,2026-02-07 10:51:00,100.73394193521135,-0.25556859277415644,100.72751116591346,100.74150263511464,100.680378699441
TSLA,2026-02-07 10:52:00,100.61686452145415,-0.6240486951643313,100.65105982774352,100.69218984340989,100.61222038098715
TSLA,2026-02-07 10:53:00,100.52387894912818,-0.011953784954803474,100.51504425931567,100.56567252667207,100.48578022954464
TSLA,2026-02-07 10:54:00,100.45859853963078,0.14141923306662316,100.50582380517308,100.5250256988254,100.43281110313518
TSLA,2026-02-07 10:55:00,100.54148841805642,-0.08629700762895831,100.56069790286253,100.57570194559538,100.52923310276043
TSLA,2026-02-07 10:56:00,100.41208605197532,0.5604816060317106,100.38715907207862,100.45247396918803,100.36639401194071
TSLA,2026-02-07 10:57:00,100.41030319889273,-0.21447289403737574,100.40167758699775,100.42219157382445,100.3993586263847
TSLA,2026-02-07 10:58:00,100.42213214318988,0.581864910089243,100.44527122608244,100.4520364702343,100.41606210059436
TSLA,2026-02-07 10:59:00,100.51371309515193,-0.18692493378303834,100.53238821582318,100.56638308644351,100.47716789525816
TSLA,2026-02-07 11:00:00,100.40951521319028,-0.5790339964662727,100.38302663073263,100.44266181972853,100.37140867585727
TSLA,2026-02-07 11:01:00,100.31487663319027,0.09132510110913074,100.29720303474042,100.35531572861028,100.2573017739072
TSLA,2026-02-07 11:02:00,100.46070826482631,-0.035452399202829867,100.48853158805751,100.52109222200652,100.45016321869822
TSLA,2026-02-07 11:03:00,100.52898976827187,0.5066681533065477,100.51868968893422,100.54578079612227,100.48773298600804
TSLA,2026-02-07 11:04:00,100.49382602235346,-0.00027583614603220397,100.44881719991488,100.53715494086407,100.44881557530017
TSLA,2026-02-07 11:05:00,100.37986223238715,0.45368614703538834,100.36098715352718,100.40731740909042,100.319410381992
TSLA,2026-02-07 11:06:00,100.4260467444801,0.49470608102018493,100.47216470979674,100.51030632946915,100.38170662878258
TSLA,2026-02-07 11:07:00,100.30910123990029,-0.05227425959657716,100.29018454768247,100.31212425813017,100.26072779927546
TSLA,2026-02-07 11:08:00,100.19907607084355,-0.7904549890077077,100.22290257941846,100.26924144309919,100.19555576075035
TSLA,2026-02-07 11:09:00,100.0443086501981,-0.005995758359358191,100.08180754350545,100.10846681583874,100.01289101675417
TSLA,2026-02-07 11:10:00,99.95616417476097,-0.4912432342456624,99.98051117071998,100.02961379604182,99.9243751188598
TSLA,2026-02-07 11:11:00,99.99248055336541,0.5011020638765485,100.04247179702179,100.07489558833433,99.99085461834292
TSLA,2026-02-07 11:12:00,99.87958222733394,-1.0,99.9275501141487,99.95991248143187,99.84064219565617
TSLA,2026-02-07 11:13:00,99.81427122333153,-0.508646808453694,99.8585527494483,99.86624296292021,99.78693653570473
TSLA,2026-02-07 11:14:00,99.8082391262919,0.6559026072893717,99.83297855200583,99.84464434319474,99.80172133946202
TSLA,2026-02-07 11:15:00,99.91564106520413,-0.16391526150241162,99.93475631285845,99.9620826114025,99.87678724591093
TSLA,2026-02-07 11:16:00,99.89773663661495,-0.06813168255495436,99.94542831247527,99.99320235250985,99.85857005357657
TSLA,2026-02-07 11:17:00,99.84027912461774,-0.9086758557029855,99.8464379086441,99.85992282971392,99.80869729850846
TSLA,2026-02-07 11:18:00,99.88195619350121,0.17434494684345037,99.84766690815958,99.92976180610187,99.81483368667314
TSLA,2026-02-07 11:19:00,99.83189752936687,0.031066478639262957,99.86951241665791,99.91572867965169,99.7884304135856
TSLA,2026-02-07 11:20:00,99.66259405870336,0.4359440505457422,99.68993207241542,99.69919385869872,99.6552987202713
TSLA,2026-02-07 11:21:00,99.70364656320163,0.37546712589950865,99.70994628790275,99.74457870345438,99.69773117276004
TSLA,2026-02-07 11:22:00,99.72959904579423,0.19796869836956144,99.68659280649631,99.74594112657938,99.6622612354904
TSLA,2026-02-07 11:23:00,99.70617985311767,-0.47617170851832813,99.72478795444485,99.76182825671637,99.66860963121523
TSLA,2026-02-07 11:24:00,99.78778873664983,-0.34599204742056955,99.79058782170488,99.79605126444675,99.77382563024565
TSLA,2026-02-07 11:25:00,99.74665342130794,-0.4650609797822005,99.77245473281272,99.79008390850899,99.74470783224226
TSLA,2026-02-07 11:26:00,99.92123843490813,-0.6216663604827191,99.93905879726806,99.9624357603873,99.90859603511461
TSLA,2026-02-07 11:27:00,99.98190281273565,-0.16594543300132442,99.97111541134473,100.01911222216106,99.92578448001512
TSLA,2026-02-07 11:28:00,99.92838534900667,-0.2991607707371992,99.91856250018358,99.96551299059483,99.91656176320191
TSLA,2026-02-07 11:29:00,99.99931923502353,-0.0673202666806191,99.9806364858321,100.02978150451592,99.94028246158291
TSLA,2026-02-07 11:30:00,100.00271872426819,0.2929871063039671,100.04089273695371,100.07449908836396,99.95600519413658
TSLA,2026-02-07 11:31:00,100.0429612566033,-0.1257164323740558,100.06685735752019,100.07131545478637,100.03567582517444
TSLA,2026-02-07 11:32:00,100.16337563928403,0.11030499971855373,100.14226668360983,100.18485254003478,100.1399376701962
TSLA,2026-02-07 11:33:00,100.09892265334979,0.8397354069589351,100.12811159388998,100.16694630283462,100.08324115189895
TSLA,2026-02-07 11:34:00,100.07733529014929,0.2991891168501655,100.05943547715258,100.08838892285138,100.04454463722315
TSLA,2026-02-07 11:35:00,100.11708461703319,-0.46061936078918153,100.08833771609072,100.14403881860662,100.0699170247352
TSLA,2026-02-07 11:36:00,100.20615504249794,0.6109170943849906,100.20088968240023,100.24418365933482,100.16060603594617
TSLA,2026-02-07 11:37:00,100.20136890445217,-0.027909514413729436,100.17410679277849,100.22794708834019,100.15420971654521
TSLA,2026-02-07 11:38:00,100.1946485785111,0.26725545933245215,100.16755456209229,100.23009168205517,100.16326828832834
TSLA,2026-02-07 11:39:00,100.10909471210917,0.1894373381542127,100.15885516422007,100.20256455740828,100.06108161218299
TSLA,2026-02-07 11:40:00,100.04775646479766,0.6624540665937176,100.06345194434768,100.09345983246358,100.01567141214433
TSLA,2026-02-07 11:41:00,99.94550553808133,-0.3731350633102018,99.90371560476726,99.99443640013335,99.88162680859513
TSLA,2026-02-07 11:42:00,99.90747867562952,-0.17055167951777542,99.88128009395224,99.91940872773046,99.84756427879833
TSLA,2026-02-07 11:43:00,99.87938241998658,-0.0876210434719561,99.85801172191313,99.91133996463093,99.82174123501267
TSLA,2026-02-07 11:44:00,99.90979791322654,-0.2397025546463667,99.90985434741836,99.93053851106866,99.86427366720632
TSLA,2026-02-07 11:45:00,99.97872791367499,0.39135592197609087,99.98988412258367,100.03646390696508,99.97313448719285
TSLA,2026-02-07 11:46:00,100.1555559397544,-0.3733865756973832,100.13150471923727,100.18648358060909,100.09272415151356
TSLA,2026-02-07 11:47:00,100.22847530408957,0.020917060955589373,100.21162930339565,100.2370294504624,100.19500158845136
TSLA,2026-02-07 11:48:00,100.20051471715323,0.37861641532231616,100.2398215904545,100.24770825162905,100.15211801042187
TSLA,2026-02-07 11:49:00,100.19373565473613,-0.012633158559842718,100.15465965657107,100.19572377965996,100.12058360603059
TSLA,2026-02-07 11:50:00,100.18498873529741,-0.16010579169452074,100.189626016199,100.22661786190828,100.17451499770551
TSLA,2026-02-07 11:51:00,100.1307864135216,-0.44861674863878226,100.08788806646365,100.14344879613884,100.04049796424239
TSLA,2026-02-07 11:52:00,100.1100397394123,-0.7101109962233835,100.07606756737958,100.14064656221015,100.05294201924468
TSLA,2026-02-07 11:53:00,100.2430638329241,0.25073213237357317,100.26865321868618,100.30278091916426,100.20660944832672
TSLA,2026-02-07 11:54:00,100.32226251627141,-0.48911777095235887,100.32903106496556,100.34421770722507,100.31066844069007
TSLA,2026-02-07 11:55:00,100.27304035994159,-0.34160527829210013,100.22729701028858,100.29785965971266,100.22696839041234
TSLA,2026-02-07 11:56:00,100.14791973911815,-0.3054327956574806,100.16025443633322,100.2060678840891,100.13524803223275
TSLA,2026-02-07 11:57:00,100.24554300175954,0.36973046885836663,100.22539363441737,100.24674234083297,100.20953069281748
TSLA,2026-02-07 11:58:00,100.36851121632833,0.3223957050407886,100.37047896588193,100.37992402715298,100.32731709897656
TSLA,2026-02-07 11:59:00,100.33374811292767,-0.5303417612517861,100.295815547712,100.34710795267799,100.29019276776465
TSLA,2026-02-07 12:00:00,100.32185235864114,-0.14843409730505897,100.34300353939615,100.38739125663486,100.30293022515309
TSLA,2026-02-07 12:01:00,100.34138556105027,0.477235732101984,100.32168061130338,100.34786774605078,100.31385160343375
TSLA,2026-02-07 12:02:00,100.45705627038467,0.754157905383235,100.4689677096306,100.47367480385462,100.40900616829796
TSLA,2026-02-07 12:03:00,100.66483024389747,0.7277669375112725,100.66975651461532,100.71173928493158,100.63711204522505
TSLA,2026-02-07 12:04:00,100.64240490051748,0.1704599376040761,100.6068761602764,100.68577642514957,100.57756130390594
TSLA,2026-02-07 12:05:00,100.58109552317651,-0.12426074479297711,100.55207500955015,100.62578186049548,100.5025850119407
TSLA,2026-02-07 12:06:00,100.48310297452588,-0.2783013614883043,100.49413412287294,100.51350019629265,100.46438298749318
TSLA,2026-02-07 12:07:00,100.47744449642586,-0.5240944676793678,100.47608747850607,100.50285045660245,100.46169105207899
TSLA,2026-02-07 12:08:00,100.35420442493147,-0.21833813541157518,100.36916713700677,100.38445686125924,100.304441160697
TSLA,2026-02-07 12:09:00,100.26444726971428,-0.26452016734936373,100.29618498737372,100.3301470579965,100.25250943792066
TSLA,2026-02-07 12:10:00,100.27126076156544,0.4325743249038239,100.31705436557526,100.35288452691864,100.24918478990898
TSLA,2026-02-07 12:11:00,100.35138473584657,0.0010785946421742083,100.3233696165803,100.38968954501567,100.27675512964218
TSLA,2026-02-07 12:12:00,100.21884450672256,0.04880078546778582,100.24020617075792,100.278174788207,100.18181323589052
TSLA,2026-02-07 12:13:00,100.20028380777873,0.2183629193140751,100.24549026209486,100.2555443373889,100.18401619516976
TSLA,2026-02-07 12:14:00,100.1874225354088,-0.13859723292341303,100.20825726101235,100.25477301676777,100.17825468173872
TSLA,2026-02-07 12:15:00,100.20923198581966,-0.23970574817942647,100.24953421947261,100.26424118928125,100.17361144504007
TSLA,2026-02-07 12:16:00,100.20938801333172,-0.007734660588260001,100.23375223697303,100.2673583919424,100.18734880966393
TSLA,2026-02-07 12:17:00,100.25868798624974,-0.3356137938008633,100.24368805880292,100.26481393743218,100.24215970878781
TSLA,2026-02-07 12:18:00,100.2473039607908,-0.5837199941187609,100.22234815794894,100.2476488801516,100.1784144570881
TSLA,2026-02-07 12:19:00,100.19298079225135,-0.8924522277415499,100.21828376343774,100.23437494975421,100.15798237782536
TSLA,2026-02-07 12:20:00,100.26566665997524,-0.18548465645165169,100.30547598389414,100.32040366163494,100.26234789232757
TSLA,2026-02-07 12:21:00,100.33954949607043,-0.008206669227671997,100.3252460856271,100.36179692572122,100.28097658369265
TSLA,2026-02-07 12:22:00,100.27764305312854,-0.2495081822907105,100.24264098161066,100.28534236048664,100.21886883562833
TSLA,2026-02-07 12:23:00,100.14930003438465,-0.1333056828017882,100.11223965984196,100.15228714915688,100.09475922535775
TSLA,2026-02-07 12:24:00,100.22220676832605,0.6759036445366609,100.26297356163266,100.29039848735475,100.17407193615891
TSLA,2026-02-07 12:25:00,100.14803408129023,0.3712597110392878,100.11445797806381,100.15735806402212,100.06995184578369
TSLA,2026-02-07 12:26:00,100.05242366213159,0.4872687825640051,100.04718281857798,100.10026121010121,100.02607586977918
TSLA,2026-02-07 12:27:00,99.9852123964625,-0.031940749377557975,99.9863238536916,99.99411587720566,99.94854311289352
TSLA,2026-02-07 12:28:00,99.80602170909391,-0.5775917122653949,99.7710243776409,99.83556975637278,99.72440005339396
TSLA,2026-02-07 12:29:00,99.79474128704929,0.3028654506891057,99.8219124885151,99.86307600214033,99.74942831666485
TSLA,2026-02-07 12:30:00,99.85904709928067,0.2528700736643376,99.9041426347539,99.90715130921218,99.81587680377613
TSLA,2026-02-07 12:31:00,99.90496307567098,0.30981549741193687,99.91353022480648,99.94723234994565,99.9019327541858
TSLA,2026-02-07 12:32:00,100.12935907441836,-0.7302898848426929,100.16458758688073,100.21423647164497,100.0898774141876
TSLA,2026-02-07 12:33:00,100.13735583213493,0.3045086294904784,100.13683959198927,100.17360121556887,100.12954550965215
TSLA,2026-02-07 12:34:00,100.09262741544903,-0.02407282241836503,100.06622460854987,100.09614337833226,100.05654509059073
TSLA,2026-02-07 12:35:00,100.10683580760612,0.13947429924694538,100.0949227975477,100.15366957242236,100.08718107357728
TSLA,2026-02-07 12:36:00,100.05021385656367,0.09093305401916606,100.08138600711322,100.10000760568319,100.03371078909825
TSLA,2026-02-07 12:37:00,100.0037238877088,0.10147670889297862,99.9584859207406,100.03364073679182,99.92829602837153
TSLA,2026-02-07 12:38:00,100.18834456824261,0.19145196429084346,100.21827084918587,100.26710124355417,100.15029665577212
TSLA,2026-02-07 12:39:00,100.1113908193133,-0.09263417556097517,100.12489069125986,100.16663133995966,100.07994253644445
TSLA,2026-02-07 12:40:00,100.02629316779405,-0.6798109041019702,100.07173000673926,100.09099526630347,99.97787447776417
TSLA,2026-02-07 12:41:00,99.93034602231872,-0.9658853114606732,99.91963002661417,99.95507082815146,99.9133010683772
TSLA,2026-02-07 12:42:00,99.96524118622841,0.410276470825991,99.93445044729765,99.97571349595822,99.93069874343338
TSLA,2026-02-07 12:43:00,100.01969111877615,-0.752315580437065,99.96990476386132,100.0448444177361,99.9695188655737
TSLA,2026-02-07 12:44:00,100.05522332109965,0.7347474087548949,100.08703782237704,100.10789673540016,100.05492340192039
TSLA,2026-02-07 12:45:00,99.95274283762522,-0.14923115625239408,99.98307806858718,100.03093512414875,99.94322840774963
TSLA,2026-02-07 12:46:00,99.82691456389676,0.49602813126925094,99.7802607580801,99.83934405895877,99.75418252473332
TSLA,2026-02-07 12:47:00,99.87692919880128,0.36990733936019343,99.9091229394816,99.91528532751794,99.83390305894419
TSLA,2026-02-07 12:48:00,99.65189812000077,-0.4006318345943279,99.67859015648665,99.69248933080546,99.62414604947374
TSLA,2026-02-07 12:49:00,99.72421857067145,-0.014364434576709002,99.75248228642583,99.75575573315042,99.6961519769607
TSLA,2026-02-07 12:50:00,99.97066190203384,0.7019360390487674,100.00276595369863,100.02904334674092,99.93328661010732
TSLA,2026-02-07 12:51:00,99.86193329362865,-0.29565744536282706,99.81891930577618,99.90491305851806,99.81751937028885
TSLA,2026-02-07 12:52:00,99.80883030670569,0.040653284413174284,99.80631952955886,99.85161064510135,99.78676196199388
TSLA,2026-02-07 12:53:00,99.74811949805867,0.11767584559423748,99.75724331177,99.79708381002214,99.70273653704606
TSLA,2026-02-07 12:54:00,99.75977621598166,-0.1395522756984868,99.7167420173981,99.77254304126706,99.6667692512656
TSLA,2026-02-07 12:55:00,99.58311441008114,0.62548943897208,99.60960438982696,99.63822461172327,99.53668654009586
TSLA,2026-02-07 12:56:00,99.52038509455048,-0.5371411193049518,99.56884273433062,99.6187264313714,99.49641518241059
TSLA,2026-02-07 12:57:00,99.56823329262288,-0.2167856357644971,99.52004015101436,99.56995303759733,99.47039949861139
TSLA,2026-02-07 12:58:00,99.54518432084443,0.9299827196729602,99.5405163080944,99.55521389077819,99.50484393370947
TSLA,2026-02-07 12:59:00,99.35188171083165,-0.2781541208060266,99.36451145827067,99.41435998064391,99.34834864893566
TSLA,2026-02-07 13:00:00,99.35565819948117,-0.8121438151089045,99.34923351778279,99.38485407297654,99.31535729334219
TSLA,2026-02-07 13:01:00,99.2606327017792,-0.6889340502570471,99.273995790831,99.30043216845785,99.25720717857345
TSLA,2026-02-07 13:02:00,99.21553522906068,-0.2162144287047456,99.23728343501868,99.27833850511068,99.18110734442293
TSLA,2026-02-07 13:03:00,99.25746640431292,0.11479460250969929,99.22435320404543,99.30248044924816,99.2031428089981
TSLA,2026-02-07 13:04:00,99.20438604095462,0.16926362340193402,99.22164831591883,99.24817933699586,99.20293985243111
TSLA,2026-02-07 13:05:00,99.20401382622111,-0.36822800064009914,99.1591133170359,99.23336395185751,99.1337565681731
TSLA,2026-02-07 13:06:00,99.15494190801118,-0.4826144622230497,99.12541277779627,99.17432028773953,99.08939357794719
TSLA,2026-02-07 13:07:00,99.02852343476006,-0.16121333579600958,99.02361810177047,99.0451649776235,99.00863042352312
TSLA,2026-02-07 13:08:00,99.03620098892978,-0.2156968213254812,99.05158989018652,99.07954585931024,99.02602371856115
TSLA,2026-02-07 13:09:00,98.92592919708706,0.43317007499349514,98.9424253671636,98.9846111358647,98.90489746098544
TSLA,2026-02-07 13:10:00,99.04328061795881,0.6938769641520779,99.07003969788076,99.08434477918998,99.03823474664435
TSLA,2026-02-07 13:11:00,99.12509969588285,-0.02227735212979788,99.17085422835352,99.20423068128248,99.081004463807
TSLA,2026-02-07 13:12:00,99.09401782526923,-0.5551966447460486,99.11722790905834,99.13013360700995,99.0661395492762
TSLA,2026-02-07 13:13:00,99.18270294368284,0.9235141850943234,99.16233981765349,99.2181380296391,99.14172114769113
TSLA,2026-02-07 13:14:00,99.09972010270533,0.6992487984408269,99.14371336205916,99.1515986791051,99.0623661620116
TSLA,2026-02-07 13:15:00,99.31753542602557,0.9367227964746591,99.28187714992137,99.34271845949098,99.26483087292412
TSLA,2026-02-07 13:16:00,99.31715377517601,0.014854756723882763,99.35652621028129,99.36563549494096,99.28363270754991
TSLA,2026-02-07 13:17:00,99.46546274228477,1.0,99.50046649849818,99.53011025964157,99.4414376966784
TSLA,2026-02-07 13:18:00,99.46029076791753,0.33843849831550604,99.43141303976998,99.46375270615508,99.39385145434751
TSLA,2026-02-07 13:19:00,99.29417463023124,-0.1900581227832273,99.31423490106795,99.33554512538998,99.27454685704343
TSLA,2026-02-07 13:20:00,99.20390561399597,0.4369953837464903,99.16101313474792,99.20550661312896,99.11765642034732
TSLA,2026-02-07 13:21:00,99.24502690248244,0.48013294245166027,99.27821768692182,99.30803420712036,99.2298955871933
TSLA,2026-02-07 13:22:00,99.25263561155977,0.5207569927543478,99.23282217095074,99.25550308662662,99.20558387367784
TSLA,2026-02-07 13:23:00,99.16696862751058,-0.28085139382606256,99.15295996222503,99.18537390661446,99.15121680039569
TSLA,2026-02-07 13:24:00,99.12887333184591,-0.14360477702021943,99.07956572899471,99.1404225005933,99.04260702702844
TSLA,2026-02-07 13:25:00,98.96910972855214,0.23314076501047865,98.9465207656928,98.99790578011122,98.91680912814569
TSLA,2026-02-07 13:26:00,98.94468501755443,-0.7063774431470478,98.99040518439884,99.00215307715825,98.92751349349766
TSLA,2026-02-07 13:27:00,98.92447540956438,-0.14119475024141281,98.92698234124694,98.92794549096226,98.88450632092176
TSLA,2026-02-07 13:28:00,98.93208815492359,0.15418863777938963,98.94342717874505,98.95131578000903,98.90004545111053
TSLA,2026-02-07 13:29:00,98.86771472112609,-0.25473112324129177,98.8424600280933,98.91408359662047,98.81076162973592
TSLA,2026-02-07 13:30:00,98.7832895217299,-0.12533534452335904,98.80312127124719,98.83827758233265,98.75953247530465
TSLA,2026-02-07 13:31:00,98.94599771786618,-0.46960932342539,98.9314462008402,98.98779027188876,98.91187233511373
TSLA,2026-02-07 13:32:00,99.11348012135232,-0.11563956933289446,99.14400763499022,99.17451209546677,99.10221347092626
TSLA,2026-02-07 13:33:00,99.0829823078699,0.5241019472388513,99.09270075601236,99.09843537038726,99.04842352550828
TSLA,2026-02-07 13:34:00,99.02929433797806,0.28678138625344485,99.03205053905299,99.06548443808742,98.99915821709423
TSLA,2026-02-07 13:35:00,98.99883467533903,-0.5226824080869981,99.04223540053285,99.06559464772151,98.98667720228995
TSLA,2026-02-07 13:36:00,98.86727768781867,0.2777396989930491,98.82134238074497,98.87537549436313,98.78164493504633
TSLA,2026-02-07 13:37:00,98.98790669704879,0.4578219792850822,98.98203700051347,99.00451762973664,98.93758472138802
TSLA,2026-02-07 13:38:00,98.96036640777945,0.2491355144345506,98.9471591658739,98.98291011156007,98.90348581021073
TSLA,2026-02-07 13:39:00,99.00130135583105,-0.36871203534843155,99.02757171505941,99.07240096506813,98.96911865858553
TSLA,2026-02-07 13:40:00,99.08914707880665,-0.10756459661422071,99.04138541288367,99.1360306249095,99.0343044759321
TSLA,2026-02-07 13:41:00,99.0273480373148,0.17868841716688752,99.04683165125982,99.0811172895249,99.02479162523949
TSLA,2026-02-07 13:42:00,99.0175558437538,0.20649808342334466,99.01680947278271,99.05875438121515,98.97298310394333
TSLA,2026-02-07 13:43:00,99.06659100462119,-0.5154718186402287,99.03316384233396,99.0740311014164,99.02776443476664
TSLA,2026-02-07 13:44:00,99.03721215746243,-0.48596799679312375,99.01188352218216,99.06554661768547,98.98449275924169
TSLA,2026-02-07 13:45:00,98.84107139348042,-0.5184404725292098,98.85876153500821,98.86563878221115,98.80184243666038
TSLA,2026-02-07 13:46:00,98.76196962719874,0.07050247219787216,98.80376703721655,98.82713378653666,98.73884760924322
TSLA,2026-02-07 13:47:00,98.75254558578075,-0.3326254659011158,98.79102016476351,98.7959620087321,98.73824468697102
TSLA,2026-02-07 13:48:00,98.7351324272935,-0.26363905846630953,98.71860547722606,98.7713851489847,98.70631727392686
TSLA,2026-02-07 13:49:00,98.63918741797004,0.23496284538415996,98.66012417543513,98.66036166975687,98.59818244287581
TSLA,2026-02-07 13:50:00,98.6287184557836,-0.05313144891625539,98.65257802348381,98.68104901172879,98.62456826270447
TSLA,2026-02-07 13:51:00,98.6916387530581,-0.006686731281529076,98.68488681336832,98.70692552115477,98.65130798732478
TSLA,2026-02-07 13:52:00,98.60222830996706,0.16091040183305605,98.58867327841168,98.63552232630997,98.57098924040031
TSLA,2026-02-07 13:53:00,98.74162650965444,0.4810125234670366,98.71408176120893,98.7786637248777,98.71069019776921
TSLA,2026-02-07 13:54:00,98.75485817584016,-0.2261354279065979,98.7238908113724,98.78975365817148,98.70633288517912
TSLA,2026-02-07 13:55:00,98.85477669466138,0.05801258026103517,98.8066842071747,98.89722355830462,98.78377276967522
TSLA,2026-02-07 13:56:00,98.99362281928776,0.3427616610775729,99.01800792498845,99.05114843195747,98.97790158361508
TSLA,2026-02-07 13:57:00,99.0577686032691,-0.13516998290732163,99.03395403359974,99.10474514030433,99.02599232461296
TSLA,2026-02-07 13:58:00,99.12640317418692,0.300285530408712,99.09540252896474,99.12813348263786,99.08523501132936
TSLA,2026-02-07 13:59:00,99.18327982782272,-0.5416568641759808,99.15754846270812,99.230843306026,99.13138565996793
TSLA,2026-02-07 14:00:00,99.18756873209267,0.17083294323510845,99.19143736589346,99.22918434200002,99.16622373841295
TSLA,2026-02-07 14:01:00,99.13924818986393,-0.09919370300305907,99.15162272645404,99.17977376903512,99.135134992879
TSLA,2026-02-07 14:02:00,99.1522992437166,0.5692888664448502,99.1540076525912,99.18055507948746,99.11850614116042
TSLA,2026-02-07 14:03:00,99.21038988296897,-0.49091458643076447,99.23780228944435,99.28349088049485,99.20247838031915
TSLA,2026-02-07 14:04:00,99.01141096223789,0.1828522031756138,98.97431915284879,99.03436799984081,98.93452610009834
TSLA,2026-02-07 14:05:00,99.08943224247565,0.7580673155074897,99.10618379895827,99.10899907134744,99.04971386334111
TSLA,2026-02-07 14:06:00,99.12478082779856,-0.699819704027766,99.11762082400058,99.12794451150548,99.11027778608107
TSLA,2026-02-07 14:07:00,99.12614288748257,0.12627338770177768,99.1574950939307,99.16793613224891,99.10779796684417
TSLA,2026-02-07 14:08:00,99.12090006639136,0.20846818652059432,99.16160981653522,99.16515743399255,99.10820705701029
TSLA,2026-02-07 14:09:00,99.17209809846658,-0.49932140993213603,99.18488968722399,99.18883911604023,99.12544449258442
TSLA,2026-02-07 14:10:00,99.17877612704982,0.3272679615760391,99.20318410722614,99.241798653895,99.17329068122713
TSLA,2026-02-07 14:11:00,99.17896953051599,0.43963838597358534,99.21872916462353,99.21994982554367,99.14182739259003
TSLA,2026-02-07 14:12:00,99.15396441930504,-0.7445707004670749,99.17886026225207,99.19295714322234,99.10688680039205
TSLA,2026-02-07 14:13:00,99.1940139812424,0.37559236480834146,99.19422533612384,99.20500645650121,99.14975976261675
TSLA,2026-02-07 14:14:00,99.15746943860523,0.10111546833250198,99.14953212179483,99.17719225271976,99.14196411254133
TSLA,2026-02-07 14:15:00,99.05428172176565,0.0600003386623069,99.00585301946982,99.06953821262903,98.98452069644199
TSLA,2026-02-07 14:16:00,99.29350580028155,0.25283774740307824,99.25500303526479,99.33525135872729,99.24373586755941
TSLA,2026-02-07 14:17:00,99.28886936053615,0.45158903822281826,99.33357878600441,99.34949341681958,99.27735261185006
TSLA,2026-02-07 14:18:00,99.43550066997582,-0.20071466936201,99.47505893947206,99.48220840387906,99.42102196383593
TSLA,2026-02-07 14:19:00,99.44273622501368,0.21030885452598486,99.49262044416862,99.5166931488882,99.40747653180327
TSLA,2026-02-07 14:20:00,99.41234584008566,0.12609974192893642,99.44827652554773,99.45258497115981,99.39627073292303
TSLA,2026-02-07 14:21:00,99.4987529403221,-0.2490037631306252,99.51867957775424,99.54646946251798,99.47709388669237
TSLA,2026-02-07 14:22:00,99.34002074401118,-0.526007243504765,99.34443978649222,99.35646079038352,99.32679922501784
TSLA,2026-02-07 14:23:00,99.40082982240374,0.5005479576231424,99.406394591228,99.43807728035725,99.38204880668368
TSLA,2026-02-07 14:24:00,99.31973253032396,0.011905542343406933,99.32135860807965,99.3577242390018,99.29707324687485
TSLA,2026-02-07 14:25:00,99.39937334083523,0.10214561232481696,99.43511530917371,99.46992282346612,99.372499068181
TSLA,2026-02-07 14:26:00,99.47558175001842,0.18483360275073593,99.5121215673707,99.5569221692594,99.46863568518984
TSLA,2026-02-07 14:27:00,99.64615809287044,0.3962490405611063,99.66024077309122,99.69192916137196,99.62204226482666
TSLA,2026-02-07 14:28:00,99.76300553836627,0.4674185315969799,99.79363829377056,99.81289981417505,99.71431185335709
TSLA,2026-02-07 14:29:00,99.77504851087474,0.06260376918815508,99.72751257684571,99.78213806139568,99.71807949530803
TSLA,2026-02-07 14:30:00,99.92519279839404,0.39318733981890147,99.90717121314017,99.96418555583715,99.86279587453275
TSLA,2026-02-07 14:31:00,99.83699779006415,-0.062010834742693755,99.78856494811977,99.84878565750104,99.74538389253016
TSLA,2026-02-07 14:32:00,99.97997882036387,-0.16209041612973119,99.95258411928133,99.99505847079524,99.9106961664992
TSLA,2026-02-07 14:33:00,99.87642580011787,0.43852391265675045,99.83655521730553,99.92308802479805,99.79939139393122
TSLA,2026-02-07 14:34:00,99.9608562506295,0.20375755941313708,99.9302438351807,99.98425331958676,99.88518578796564
TSLA,2026-02-07 14:35:00,99.91350557833368,0.0013539283974123009,99.92467926193986,99.92742807488447,99.9001825094939
TSLA,2026-02-07 14:36:00,99.89279993457038,-0.16010682779005114,99.93996767090775,99.97393159372545,99.87510471083216
TSLA,2026-02-07 14:37:00,99.85370782953136,-0.6132206447540014,99.90260159345439,99.92730215250545,99.82870372842184
TSLA,2026-02-07 14:38:00,99.73107241874509,-0.31161134497939535,99.74544052966037,99.76905180010145,99.72660828009664
TSLA,2026-02-07 14:39:00,99.56595886924971,-0.2668368679522074,99.54248240429288,99.60451953291069,99.53526388120314
TSLA,2026-02-07 14:40:00,99.58064452700059,0.42865892376983955,99.63052012470352,99.65333428336774,99.55512164086299
TSLA,2026-02-07 14:41:00,99.72503816595321,0.10684259602699019,99.7524404037968,99.79426728466994,99.70841565060184
TSLA,2026-02-07 14:42:00,99.65488816521093,0.07375522601575846,99.66962237120606,99.67275729527086,99.63221583820024
TSLA,2026-02-07 14:43:00,99.47400109945025,-0.669273380652332,99.51927811481238,99.56581544833502,99.47125802699931
TSLA,2026-02-07 14:44:00,99.41125140473181,-0.3945968749640975,99.44499766654882,99.47689756103001,99.41113219842704
TSLA,2026-02-07 14:45:00,99.40891782413316,0.3255152369625764,99.44255252352453,99.44277380562909,99.40580195928194
TSLA,2026-02-07 14:46:00,99.42346475401172,0.2664503515594451,99.41603523920541,99.45007076782744,99.39986984261569
TSLA,2026-02-07 14:47:00,99.44004069458698,-0.274012433074056,99.43071603155823,99.44370198140402,99.41734729484277
TSLA,2026-02-07 14:48:00,99.40654240999339,-0.45806458568320707,99.45568320682891,99.47166048479845,99.38156407545331
TSLA,2026-02-07 14:49:00,99.48813983836247,-0.04636774545032568,99.50299833054545,99.5307393047537,99.4866367971403
TSLA,2026-02-07 14:50:00,99.44056736391136,-0.2972532501394202,99.48027286854196,99.49513788473872,99.41713998331622
TSLA,2026-02-07 14:51:00,99.34854358901646,-0.4739580101056598,99.36390201691425,99.38231111341794,99.32997903246836
TSLA,2026-02-07 14:52:00,99.32353515981477,-0.12577782007468247,99.28084905782664,99.36796810629666,99.23298681781031
TSLA,2026-02-07 14:53:00,99.35861675230161,1.0,99.39822231983607,99.40856478985509,99.32496304622998
TSLA,2026-02-07 14:54:00,99.45100039553907,0.27546491989426486,99.42798954460298,99.49705841535524,99.4184050061736
TSLA,2026-02-07 14:55:00,99.45125127789888,0.08052417981721377,99.41149469031318,99.4798352067343,99.40466229859828
TSLA,2026-02-07 14:56:00,99.45696475830803,0.1259189809274979,99.46673140989765,99.46995128392962,99.44961832614258
TSLA,2026-02-07 14:57:00,99.48180951345545,0.28774878277639243,99.52362113716856,99.56875252174223,99.4817748835115
TSLA,2026-02-07 14:58:00,99.54952133785645,-0.576312208872272,99.5708666191091,99.61223421837427,99.51846854129332
TSLA,2026-02-07 14:59:00,99.42524050710475,-0.12435828636531657,99.44725807145537,99.49574091623923,99.39939414832163
TSLA,2026-02-07 15:00:00,99.34472680623054,-0.341889334294656,99.35151735045345,99.35539238257482,99.33475507157124
TSLA,2026-02-07 15:01:00,99.45844706217365,0.17295808965206622,99.4468961244406,99.49645729496264,99.42481864943576
TSLA,2026-02-07 15:02:00,99.38639001016725,0.35631444361708514,99.35336661900345,99.40596134518731,99.32411722007991
TSLA,2026-02-07 15:03:00,99.09916233210606,-0.009848082330448694,99.09019913547418,99.12250563113766,99.05714323709078
TSLA,2026-02-07 15:04:00,99.12497635952253,0.11966209680417915,99.13863364330712,99.16714756667268,99.10226563009127
TSLA,2026-02-07 15:05:00,98.86868677181437,0.305700526781407,98.86487577405826,98.89250071506193,98.81700408448073
TSLA,2026-02-07 15:06:00,98.83747231555122,-0.08858058813110634,98.86064008111813,98.90847354106133,98.81264531880053
TSLA,2026-02-07 15:07:00,98.79247895645183,0.06906593766645877,98.79439062704458,98.80666041927364,98.77923962557486
TSLA,2026-02-07 15:08:00,98.79480565469717,0.21679718166493647,98.79539426449212,98.82054930085117,98.76193781900827
TSLA,2026-02-07 15:09:00,98.75655322574957,0.6805340833349497,98.74687765925808,98.79866185639897,98.70326401096511
TSLA,2026-02-07 15:10:00,98.76335930519888,0.7496435522350007,98.71371543777995,98.7755473143408,98.67470813333
TSLA,2026-02-07 15:11:00,98.67893175499164,-0.141944060336305,98.64109617417299,98.69049070348959,98.62141614057289
TSLA,2026-02-07 15:12:00,98.86552171603383,0.28747382028922147,98.8895920910379,98.89013681675956,98.84951089238973
TSLA,2026-02-07 15:13:00,98.75182026530264,-0.08671560888227106,98.70312592927992,98.75584590627398,98.69951162624977
TSLA,2026-02-07 15:14:00,98.75440656230306,-0.6101783736562689,98.78941023435436,98.82395414998489,98.71903868340603
TSLA,2026-02-07 15:15:00,98.9154793370494,-0.22062153364917272,98.93819653693927,98.95010299250055,98.90655121580731
TSLA,2026-02-07 15:16:00,98.83868102920006,-0.090999856607479,98.85382537765011,98.89997734672335,98.81044440134787
TSLA,2026-02-07 15:17:00,98.92465749362105,-0.20156449428961373,98.96207909200308,99.00516481562673,98.89629423037466
TSLA,2026-02-07 15:18:00,99.09092660181868,0.3925811097458788,99.08907240119625,99.12396070009062,99.04422056599032
TSLA,2026-02-07 15:19:00,99.11134502463148,0.2440656648140081,99.09269852913722,99.14838895655144,99.05992952321166
TSLA,2026-02-07 15:20:00,98.84556263368628,-0.08367762482743996,98.80624332117002,98.85960787124749,98.76670532388115
TSLA,2026-02-07 15:21:00,99.05565628429275,0.45699782668380584,99.07330965458407,99.08759867053091,99.03208786416262
TSLA,2026-02-07 15:22:00,99.04838291107428,0.15275204664485484,99.06851704893018,99.10957112925323,99.01782865692816
TSLA,2026-02-07 15:23:00,99.12252030558277,0.43727545635653736,99.11985941886441,99.16290014324602,99.08298165242452
TSLA,2026-02-07 15:24:00,99.04992738559575,0.5933272050106209,99.04712835733069,99.08238831352269,99.03931019224311
TSLA,2026-02-07 15:25:00,98.93317531633015,0.0753401414497126,98.96668553412,99.00835815316444,98.90835115844666
TSLA,2026-02-07 15:26:00,99.10545393677347,0.7742204370810783,99.1020999372748,99.12015188857562,99.08281413352941
TSLA,2026-02-07 15:27:00,99.25033725236099,0.350813766986116,99.26580330480797,99.29123164382148,99.206489776203
TSLA,2026-02-07 15:28:00,99.24706346887541,-0.0452245607790555,99.29333920073505,99.3293628855731,99.2073059121896
TSLA,2026-02-07 15:29:00,99.30723832386043,-0.43572216438919603,99.28550558657393,99.34926717768376,99.26242537082929
TSLA,2026-02-07 15:30:00,99.25645038754041,0.1943222696546264,99.22912990442862,99.28681654910032,99.19815237321788
TSLA,2026-02-07 15:31:00,99.32173298185145,-0.08341657910369045,99.36363396827193,99.38450367258464,99.30606459702281
TSLA,2026-02-07 15:32:00,99.21031498504775,0.17618578196977586,99.25801592110017,99.2848792142894,99.18343041130078
TSLA,2026-02-07 15:33:00,99.3569756669876,-0.1626987324364257,99.38320783710873,99.39415569971689,99.34467808069779
TSLA,2026-02-07 15:34:00,99.42155157469183,-0.11088686433695075,99.38684431075175,99.45149339405519,99.38407622693387
TSLA,2026-02-07 15:35:00,99.37136284404673,-0.35710638017740615,99.32891560068718,99.3953113220257,99.31246866797623
TSLA,2026-02-07 15:36:00,99.22423257045145,-0.9379228948852485,99.26766169652495,99.31302799525616,99.21567824010988
TSLA,2026-02-07 15:37:00,99.12438971457757,-0.43669869092249797,99.10840298669707,99.13427333856221,99.08044594509975
TSLA,2026-02-07 15:38:00,99.36359161052557,-0.2591883635892409,99.37455114743989,99.3771423168674,99.31377609779683
TSLA,2026-02-07 15:39:00,99.38011295462124,0.07495679997546813,99.36218608962812,99.41440332969164,99.33766061862036
TSLA,2026-02-07 15:40:00,99.40134394343306,-0.6178006975168766,99.35340054788468,99.41472557449539,99.3430400123201
TSLA,2026-02-07 15:41:00,99.42997085674071,-0.11474476840093453,99.40756860463624,99.4611598542244,99.35885365327402
TSLA,2026-02-07 15:42:00,99.50947958938875,-0.16447646720597944,99.49210604242299,99.5292562361473,99.45977076622754
TSLA,2026-02-07 15:43:00,99.54274689520258,0.762298906985201,99.58199524245173,99.60965072941575,99.53737165736489
TSLA,2026-02-07 15:44:00,99.4732131298628,0.37813734891897005,99.49237128792514,99.53451911759672,99.44336881185052
TSLA,2026-02-07 15:45:00,99.47762499495971,0.14829198231588117,99.439784330178,99.48485478504954,99.41489347808735
TSLA,2026-02-07 15:46:00,99.37560304908239,-0.46594257890675617,99.34760282085371,99.40857950051013,99.3146066905287
TSLA,2026-02-07 15:47:00,99.4316811993379,0.35162432528692705,99.42832678447375,99.46800051910886,99.40198230942781
TSLA,2026-02-07 15:48:00,99.41594915979104,-0.2924900525518398,99.4618558516476,99.48929859619052,99.38404225869489
TSLA,2026-02-07 15:49:00,99.41795782286758,0.32388876070851197,99.45989785675029,99.50816570798477,99.38092105106085
TSLA,2026-02-07 15:50:00,99.45885286035082,-0.7018606552993898,99.47910101143444,99.49840506049384,99.43610213644465
TSLA,2026-02-07 15:51:00,99.35552675449519,-0.679989252177689,99.34633267034972,99.39156712798989,99.31686207496566
TSLA,2026-02-07 15:52:00,99.387387441365,-0.36394558443025105,99.33818233883362,99.40326480561745,99.32168384098922
TSLA,2026-02-07 15:53:00,99.63995314144482,-0.1561926290454798,99.68066382721646,99.72051111401787,99.60708980284386
TSLA,2026-02-07 15:54:00,99.83911966823422,0.16510427688356719,99.8042647821613,99.84818563987866,99.77250811544243
TSLA,2026-02-07 15:55:00,99.79182679606849,-0.5273658919062654,99.76108608278851,99.84110062030258,99.72832390449604
TSLA,2026-02-07 15:56:00,99.74717824356811,-0.38766275505469894,99.70661891894461,99.7901477825799,99.68272400705695
TSLA,2026-02-07 15:57:00,99.86208417976397,0.6880794262321719,99.88105310825034,99.91408284916037,99.85735506729559
TSLA,2026-02-07 15:58:00,99.7808133037228,-0.224316936221403,99.74793554870809,99.78344323611925,99.72037810364425
TSLA,2026-02-07 15:59:00,99.97311311709883,0.07331956293596664,99.9467919686556,100.00008510059692,99.90529056306606
NVDA,2026-02-07 09:30:00,99.96813385988565,0.26319417796265454,100.00930544349671,100.04263931334398,99.9260211553976
NVDA,2026-02-07 09:31:00,100.1299353882005,-0.08867784046096573,100.17120041007101,100.18536169845812,100.12161940163527
NVDA,2026-02-07 09:32:00,100.07044622421286,0.12757652390361304,100.08907042108198,100.11008755506802,100.02212523453693
NVDA,2026-02-07 09:33:00,99.9847534301252,-0.11526671415313679,100.00408654131088,100.03395723644148,99.94478214072092
NVDA,2026-02-07 09:34:00,100.05851313076079,-0.036101119518639736,100.077390083334,100.09300113116703,100.05712209954768
NVDA,2026-02-07 09:35:00,100.2088714800028,0.4131510769700814,100.18157854265846,100.24173577439024,100.14881467719576
NVDA,2026-02-07 09:36:00,100.25449727975744,0.08160822873428418,100.29311555582353,100.32951828668757,100.24584698971462
NVDA,2026-02-07 09:37:00,100.33464173932296,-0.3299777522331538,100.35438469182773,100.40276281714978,100.30684166854233
NVDA,2026-02-07 09:38:00,100.24980386734919,0.34920243863991685,100.23249870514508,100.26362699582205,100.21437910412543
NVDA,2026-02-07 09:39:00,100.27298223467794,-0.574117379250175,100.26187596439239,100.28193697833379,100.24488415537941
NVDA,2026-02-07 09:40:00,100.19063644413824,0.2995043149846067,100.1510697273997,100.23473572540455,100.13008799941178
NVDA,2026-02-07 09:41:00,100.19106691778546,0.10564700514117387,100.15435862849857,100.2304232552776,100.11909460790724
NVDA,2026-02-07 09:42:00,100.14281106109983,0.33725227655593654,100.09375190593771,100.15817283615152,100.07936223725459
NVDA,2026-02-07 09:43:00,100.15159906148936,0.17258083038410155,100.18094448359186,100.2161546144467,100.12161815691644
NVDA,2026-02-07 09:44:00,100.22867175294283,0.19994661819639403,100.19284185441232,100.25378405279925,100.17248549972419
NVDA,2026-02-07 09:45:00,100.23127591591484,0.20519988300562614,100.27676542260348,100.27972808606091,100.1849476295175
NVDA,2026-02-07 09:46:00,100.19110634262701,-0.016735060536797373,100.17102166595895,100.22587266598568,100.1517574076367
NVDA,2026-02-07 09:47:00,100.28261635682534,0.03909077992841958,100.2493531698236,100.2857736252383,100.22743744301877
NVDA,2026-02-07 09:48:00,100.4411661353378,-0.12563458631181917,100.4833766609074,100.49928103433632,100.4125601134321
NVDA,2026-02-07 09:49:00,100.35071921104736,0.052666095514772686,100.3987016710783,100.42925866917494,100.34473512302802
NVDA,2026-02-07 09:50:00,100.42036336462249,-0.4410012202178506,100.38086911475558,100.46962603130291,100.36422754932887
NVDA,2026-02-07 09:51:00,100.33751680520811,-0.9415420627897794,100.3776907067671,100.39782236696635,100.29995542145097
NVDA,2026-02-07 09:52:00,100.39394970497494,0.16721739174965833,100.38079257488674,100.40477042764306,100.37220490648428
NVDA,2026-02-07 09:53:00,100.52963668828924,-0.34110487936256306,100.5602398721639,100.60783880022342,100.517549489717
NVDA,2026-02-07 09:54:00,100.7212985608469,0.5602277507503451,100.68963059077574,100.7228962427719,100.6563608124539
NVDA,2026-02-07 09:55:00,100.82684487554799,0.5089336484681314,100.83486285777447,100.86096710403903,100.79200232745058
NVDA,2026-02-07 09:56:00,100.87470052111476,-0.2741741421822261,100.89717894027778,100.91868360068092,100.84296011867757
NVDA,2026-02-07 09:57:00,100.83206383066454,0.16057918780413838,100.84808916102683,100.89244693036365,100.79230974668943
NVDA,2026-02-07 09:58:00,100.72790791214852,0.4436690865298747,100.6791274081508,100.73342579670943,100.6687851249663
NVDA,2026-02-07 09:59:00,100.69170937459555,-0.12027581504747797,100.64186486576517,100.6927302532369,100.60989982201986
NVDA,2026-02-07 10:00:00,100.60142548291455,0.07975481065613982,100.57745941099046,100.62099624754782,100.56150485193245
NVDA,2026-02-07 10:01:00,100.60550372134716,0.10618891063180565,100.64691092540899,100.66251103770159,100.5781702199863
NVDA,2026-02-07 10:02:00,100.57317116013628,-0.33195861485405537,100.5355942303705,100.60348438751167,100.4892355574014
NVDA,2026-02-07 10:03:00,100.58896424505211,-0.3232075761579627,100.60990666554618,100.6178936273136,100.54183096557888
NVDA,2026-02-07 10:04:00,100.56807251577989,-0.11001073858237603,100.60838637251067,100.63503981567669,100.54492551922355
NVDA,2026-02-07 10:05:00,100.62108665808337,-0.19132493982787036,100.60066942685013,100.62566595681385,100.56863900752505
NVDA,2026-02-07 10:06:00,100.52822544120097,0.16338568912001078,100.48945596033771,100.56435636549344,100.45020311443312
NVDA,2026-02-07 10:07:00,100.46250965146237,-0.23459307860522147,100.41445326893133,100.49107129920296,100.36944137733681
NVDA,2026-02-07 10:08:00,100.4886253071018,0.4924315917838944,100.47251181020165,100.52770640388239,100.44338835947683
NVDA,2026-02-07 10:09:00,100.59432790888734,0.056924111955754246,100.6178646007403,100.63300396841451,100.55482397450785
NVDA,2026-02-07 10:10:00,100.42190914291324,-0.31555113415536407,100.4152739302979,100.44967825929207,100.37102280088556
NVDA,2026-02-07 10:11:00,100.50520481509751,0.35807037441898715,100.5227884684036,100.5321079993052,100.46446360737879
NVDA,2026-02-07 10:12:00,100.52635386985315,-0.4909493921161116,100.48322673204454,100.54393458858704,100.4806828373064
NVDA,2026-02-07 10:13:00,100.45638424587234,0.6173461695507161,100.49403664238596,100.51150323584682,100.45621336581314
NVDA,2026-02-07 10:14:00,100.5273485151317,-0.15220104425157677,100.56875600166316,100.59643555844914,100.49979836847115
NVDA,2026-02-07 10:15:00,100.65576395984807,0.3250082271391608,100.61160164835654,100.65852489138763,100.56386417865197
NVDA,2026-02-07 10:16:00,100.61262210529212,0.6143941220442033,100.56638861273953,100.65352097254888,100.51725591619028
NVDA,2026-02-07 10:17:00,100.65316396899597,0.10259935013752941,100.69860043836707,100.7387093743321,100.61612992944326
NVDA,2026-02-07 10:18:00,100.53989884446945,-0.37871120421962423,100.58944795599405,100.59400771682458,100.51015675537735
NVDA,2026-02-07 10:19:00,100.42887957977268,0.36667604346843985,100.44311743572759,100.47657133442623,100.4283050810222
NVDA,2026-02-07 10:20:00,100.4381069033691,0.19318540984032356,100.48678775661102,100.49259610219939,100.42488713044374
NVDA,2026-02-07 10:21:00,100.47611346338994,0.820634262480878,100.4875338505859,100.52100238595564,100.46182178954164
NVDA,2026-02-07 10:22:00,100.67339560853432,-0.12270930586345637,100.71866120325598,100.722046751685,100.64652998998486
NVDA,2026-02-07 10:23:00,100.6984054108128,-0.37357792012216673,100.65454005374794,100.72992906714528,100.63215193437348
NVDA,2026-02-07 10:24:00,100.72002639771101,0.6608890408945595,100.7691841497855,100.81774802624322,100.67438473814549
NVDA,2026-02-07 10:25:00,100.53780471388878,-0.2805543855778625,100.54193883493586,100.56627808808915,100.52613524373405
NVDA,2026-02-07 10:26:00,100.73779693835098,-0.08465562067245605,100.78322075612613,100.78834818653519,100.69281643473127
NVDA,2026-02-07 10:27:00,100.70131407252792,-0.791791845189141,100.70224581480768,100.71202727475041,100.65295731925966
NVDA,2026-02-07 10:28:00,100.73372112033397,-0.4161014047332831,100.71851854394602,100.76372109903315,100.70503855284612
NVDA,2026-02-07 10:29:00,100.80259376867328,0.6564525214628252,100.75858656727611,100.84796364087046,100.75698209056884
NVDA,2026-02-07 10:30:00,100.75211816335398,0.37777714054683403,100.72760707944249,100.79491841123203,100.72229753553583
NVDA,2026-02-07 10:31:00,100.68207659522889,0.11435641889117598,100.70697028265874,100.72064353716455,100.65983626879289
NVDA,2026-02-07 10:32:00,100.59248007280611,0.39917341302065634,100.572121057106,100.5929741652382,100.52409756344382
NVDA,2026-02-07 10:33:00,100.59415505678689,0.3791833239527278,100.55983419914243,100.6186015624019,100.52061810971898
NVDA,2026-02-07 10:34:00,100.61846676394119,-0.12638123919402336,100.59600789649534,100.63253578133217,100.55154549996413
NVDA,2026-02-07 10:35:00,100.64549348125541,0.3970847860379936,100.67990778365427,100.70427428475318,100.61501424886126
NVDA,2026-02-07 10:36:00,100.73262025865765,-0.15644588315171148,100.72917692388238,100.7717013772259,100.70803966802814
NVDA,2026-02-07 10:37:00,100.72838753277301,0.00873978816004919,100.76165593527601,100.77966635131756,100.70041218158036
NVDA,2026-02-07 10:38:00,100.56689568324914,-0.18486946373775867,100.59028375980989,100.63504595924643,100.5199438178583
NVDA,2026-02-07 10:39:00,100.35895276771964,-0.15420536276267552,100.40538259669206,100.42055161061059,100.3263669029071
NVDA,2026-02-07 10:40:00,100.31492812386735,-0.2684778224454654,100.3482086379952,100.35156390542426,100.28395404625046
NVDA,2026-02-07 10:41:00,100.30785350401473,-0.06950117075808665,100.34256517772182,100.35230347260458,100.30522382800015
NVDA,2026-02-07 10:42:00,100.39514152276865,-0.17133241875578198,100.38306752238472,100.41896973139946,100.34567227965483
NVDA,2026-02-07 10:43:00,100.63334720820345,0.2557539748645475,100.63285364084503,100.63776477187608,100.58662669323685
NVDA,2026-02-07 10:44:00,100.58252213489473,0.2159283329550629,100.57342904353584,100.60651850234238,100.54816619428533
NVDA,2026-02-07 10:45:00,100.46103229639209,0.1632339222031841,100.4748857835108,100.50221045876641,100.43580347224345
NVDA,2026-02-07 10:46:00,100.447039428534,0.21105816594765026,100.39879898634622,100.48912777443385,100.35881139294658
NVDA,2026-02-07 10:47:00,100.39181783940704,-0.24756701726360514,100.40114326772182,100.44715004824766,100.3801276837816
NVDA,2026-02-07 10:48:00,100.19078792760614,-0.2700235927974014,100.16037013507628,100.19837188032905,100.14033844542973
NVDA,2026-02-07 10:49:00,100.03512186437075,-0.13148833890664832,100.00482494860904,100.05414887313562,99.95923117741064
NVDA,2026-02-07 10:50:00,100.00856617535811,-0.00982688485761075,100.05706630805047,100.06809487004824,100.003324283215
NVDA,2026-02-07 10:51:00,100.28062127881434,1.0,100.23214971846929,100.31966449027094,100.22397509790324
NVDA,2026-02-07 10:52:00,100.2189786735673,-0.5235782068553542,100.22486907291824,100.25736157230375,100.18060461891788
NVDA,2026-02-07 10:53:00,100.14231380760863,-0.3974243656186773,100.10821514499433,100.19084788269221,100.05897104445019
NVDA,2026-02-07 10:54:00,100.21108001368898,-0.1354070621558616,100.2322276260511,100.24144108981456,100.19146567912206
NVDA,2026-02-07 10:55:00,100.33498086620465,0.11727620358198704,100.38094979445606,100.42900470751084,100.3255461959729
NVDA,2026-02-07 10:56:00,100.34428064648898,0.36907581592138594,100.38679941353432,100.3885418293263,100.30548362190288
NVDA,2026-02-07 10:57:00,100.26492192852045,-0.05067452118105015,100.2999824368259,100.31986858408075,100.22975267859889
NVDA,2026-02-07 10:58:00,100.33147076312417,0.15227382138889273,100.33720500304248,100.38601293479562,100.30260292036209
NVDA,2026-02-07 10:59:00,100.24436834419191,-0.3940294493953214,100.24264807282265,100.27705012869936,100.21308521251889
NVDA,2026-02-07 11:00:00,100.1103728081346,-0.08559410384004848,100.15482071095808,100.18592345711926,100.0928313162652
NVDA,2026-02-07 11:01:00,100.22879312013333,-0.01134906295725803,100.18201183814041,100.24635085353896,100.13956306246787
NVDA,2026-02-07 11:02:00,100.14561781183895,-0.21805124507238516,100.17416249791411,100.21629090430848,100.1002918202297
NVDA,2026-02-07 11:03:00,100.1174707136527,0.4479521858370854,100.12796414947711,100.14104588283541,100.08833444632195
NVDA,2026-02-07 11:04:00,100.14780590119257,-0.07601931095159213,100.10844566595831,100.17165461783163,100.07466605522296
NVDA,2026-02-07 11:05:00,100.27583849610983,0.5521192820856264,100.22932235735021,100.28881911702831,100.19186743692406
NVDA,2026-02-07 11:06:00,100.28729786684382,-0.3308592547145054,100.26287337186216,100.28945441418067,100.25910149293239
NVDA,2026-02-07 11:07:00,100.16091204173163,0.45370762977440804,100.13214108698536,100.19446558377679,100.12280556268105
NVDA,2026-02-07 11:08:00,100.22075285640037,0.5799287950674382,100.19495195512133,100.26438091500043,100.19376215151516
NVDA,2026-02-07 11:09:00,100.17358931608292,0.26294720019979473,100.187356371878,100.19532750500835,100.16342010838827
NVDA,2026-02-07 11:10:00,100.17227370037705,0.13646928749460663,100.19626258674288,100.19774543822327,100.15162633293345
NVDA,2026-02-07 11:11:00,100.11444157128385,-0.20527817820235641,100.0925516134866,100.1250899469564,100.04428587809804
NVDA,2026-02-07 11:12:00,100.26817126144654,0.37531383269424756,100.28551355052407,100.31470418472651,100.23094226085269
NVDA,2026-02-07 11:13:00,100.26620298751294,0.007441091644053119,100.28861310296664,100.3251162686225,100.23747797536605
NVDA,2026-02-07 11:14:00,100.31603496079589,-0.14269066423822585,100.31428821465792,100.31640930346485,100.27557715363385
NVDA,2026-02-07 11:15:00,100.30611701101782,0.5904875336768339,100.28852117411847,100.31170299969291,100.26994235873033
NVDA,2026-02-07 11:16:00,100.25559928076814,-0.6502312083073952,100.26924821292306,100.28899298826089,100.20880432554061
NVDA,2026-02-07 11:17:00,100.29167821387227,-0.22674833177623635,100.3065703938179,100.3111383186205,100.25447758007455
NVDA,2026-02-07 11:18:00,100.34386138196716,0.1147667600673254,100.36560033306316,100.39818122958391,100.32514558135425
NVDA,2026-02-07 11:19:00,100.4065488374279,-0.5970223738255522,100.42414944801685,100.44108341253872,100.40229056125746
NVDA,2026-02-07 11:20:00,100.27758537052065,-0.32847545185852134,100.31242666047692,100.3525916194556,100.24550475984653
NVDA,2026-02-07 11:21:00,100.15606985198208,-0.3266933193279873,100.13333174286277,100.16035099942006,100.12772392016896
NVDA,2026-02-07 11:22:00,100.15583993324127,-0.5385548797295477,100.1262948511397,100.17947810356513,100.09234100564316
NVDA,2026-02-07 11:23:00,100.08660934901772,0.2599057059611122,100.11000784495276,100.11128198516307,100.07171282072093
NVDA,2026-02-07 11:24:00,100.16586431616543,-0.050557190482231174,100.13354357797878,100.17378105986955,100.09359559989849
NVDA,2026-02-07 11:25:00,100.15560083751988,0.17106738541937586,100.20166250535257,100.224393491392,100.13227443263298
NVDA,2026-02-07 11:26:00,100.17312193740896,0.2604392857313743,100.21111509924297,100.22835173264389,100.17221952302354
NVDA,2026-02-07 11:27:00,100.2783525752822,-0.2759507736815828,100.26512460514436,100.3120035250493,100.24504867980163
NVDA,2026-02-07 11:28:00,100.31410798628055,-0.3828183409579543,100.2738792715452,100.35687666895356,100.26228087352241
NVDA,2026-02-07 11:29:00,100.30389039584381,0.9381741861716005,100.33504826667458,100.3462207510526,100.28636001783629
NVDA,2026-02-07 11:30:00,100.26323111598947,0.3506100754368473,100.24249051936457,100.28445347037862,100.21681389867409
NVDA,2026-02-07 11:31:00,100.22086657997684,-0.47484093720991183,100.25839757006361,100.29163792396108,100.17199616723923
NVDA,2026-02-07 11:32:00,100.31191440817148,0.09441259054779315,100.27515319387041,100.31459225484339,100.24715898061038
NVDA,2026-02-07 11:33:00,100.42481649476154,0.07622595060444327,100.3806959418588,100.43983387265855,100.355459804402
NVDA,2026-02-07 11:34:00,100.51034416223672,-0.08064026669469841,100.48755305622855,100.54188404425204,100.45687657031162
NVDA,2026-02-07 11:35:00,100.60846753199826,-0.3426721996065398,100.62440319541756,100.64404786444365,100.56147085145567
NVDA,2026-02-07 11:36:00,100.47801416783204,-0.022988316443098362,100.48989903514236,100.52689937520294,100.42843123782025
NVDA,2026-02-07 11:37:00,100.42664161137267,-0.6264391752102525,100.45532076432902,100.47685929617744,100.42615173401705
NVDA,2026-02-07 11:38:00,100.47883890451018,-0.2547916345694139,100.52216071902598,100.5247578568321,100.46566031806043
NVDA,2026-02-07 11:39:00,100.46373174400952,0.3063465962166155,100.43730501196768,100.5071600380382,100.40765714427734
NVDA,2026-02-07 11:40:00,100.52134389179906,-0.04884303547382636,100.47466199071123,100.56109731502569,100.44026222940232
NVDA,2026-02-07 11:41:00,100.51360542762347,0.1104922416170324,100.5059359730527,100.53926323526481,100.48972425738363
NVDA,2026-02-07 11:42:00,100.7063548976147,-0.5047561542787341,100.66786900383602,100.71685331603906,100.64251720917561
NVDA,2026-02-07 11:43:00,100.7428906331826,0.645546492220157,100.70242743992476,100.75013204536734,100.67301916691521
NVDA,2026-02-07 11:44:00,100.6331663812458,-0.40106817160970404,100.59129312103583,100.65701691941771,100.56963717303248
NVDA,2026-02-07 11:45:00,100.55557485390499,0.4459799386535055,100.51955130521125,100.59019912575424,100.49306169640253
NVDA,2026-02-07 11:46:00,100.49667500959652,0.5213026520035114,100.53265749185204,100.57410876977649,100.45368160398817
NVDA,2026-02-07 11:47:00,100.61426342636427,0.4790684722831281,100.61307578457333,100.64177405458096,100.57627976879091
NVDA,2026-02-07 11:48:00,100.57588013802796,0.2553935433749301,100.5680543346594,100.59261958728017,100.54155109472657
NVDA,2026-02-07 11:49:00,100.58980447237889,-0.24277907645271501,100.5430377837082,100.6340788407804,100.53517137016634
NVDA,2026-02-07 11:50:00,100.46927972014969,-0.22217568882513447,100.47014520890416,100.51034928940507,100.42654918207998
NVDA,2026-02-07 11:51:00,100.5556348670309,-0.5867933237652088,100.52329699104692,100.58477509612719,100.47723475041916
NVDA,2026-02-07 11:52:00,100.32367432869273,0.3994616248780399,100.30185147348394,100.35000445736637,100.28283073074962
NVDA,2026-02-07 11:53:00,100.41586674985447,0.2773459275567476,100.38037357464606,100.43362294622088,100.33493638233256
NVDA,2026-02-07 11:54:00,100.55945025804981,-0.2554614000017985,100.51743069477816,100.60136290236787,100.50364581883942
NVDA,2026-02-07 11:55:00,100.53205704663577,0.4677246106880283,100.54424811402157,100.55381963467022,100.49987946824734
NVDA,2026-02-07 11:56:00,100.56420269232959,0.15822308193261858,100.5531885140155,100.57990100935918,100.54604885493289
NVDA,2026-02-07 11:57:00,100.55697589148873,-0.17951043542872097,100.606790406326,100.64854249946677,100.53761940896996
NVDA,2026-02-07 11:58:00,100.5409438477776,-0.36163845950033235,100.49745282669673,100.56492230379234,100.48006531498038
NVDA,2026-02-07 11:59:00,100.37579655130483,-0.26473519928218153,100.3530122781237,100.40800598851959,100.33772950018044
NVDA,2026-02-07 12:00:00,100.34266797994617,-0.1057115020053129,100.34448839955219,100.35421522403747,100.32520072409164
NVDA,2026-02-07 12:01:00,100.34888582306287,-0.04787246381100325,100.30702580290722,100.36713771336477,100.26426964762615
NVDA,2026-02-07 12:02:00,100.32080766812203,-0.6503991229449563,100.32948808491476,100.35170410773527,100.30718023135103
NVDA,2026-02-07 12:03:00,100.41810668564324,-0.38443338482824835,100.38983800281802,100.43871395057278,100.35469101601795
NVDA,2026-02-07 12:04:00,100.40574477596209,0.39925104040126436,100.45184336747496,100.50064823435692,100.37160381937004
NVDA,2026-02-07 12:05:00,100.34409586001891,-0.3912033317698722,100.33812941153481,100.38979340390937,100.31241738733212
NVDA,2026-02-07 12:06:00,100.23620661994693,-0.07339845884675422,100.226648108192,100.24351582581717,100.22637462950868
NVDA,2026-02-07 12:07:00,100.2730339814899,-0.15417806130302314,100.27426665417791,100.29659451050553,100.26474292264622
NVDA,2026-02-07 12:08:00,100.20439173883958,0.49443971314090096,100.17176199111788,100.22673660938344,100.16926602355628
NVDA,2026-02-07 12:09:00,100.17566369860555,0.6063860912281387,100.20226086182787,100.22558819776901,100.15746253262948
NVDA,2026-02-07 12:10:00,100.12386953966734,0.1866814179922503,100.13586929931498,100.17649947625029,100.10358860075942
NVDA,2026-02-07 12:11:00,99.88903614815277,0.8172799391824402,99.84903511112972,99.92491711697302,99.80673816532764
NVDA,2026-02-07 12:12:00,99.83154208137962,0.23768155347163972,99.79378893829997,99.84257446782313,99.76227636321035
NVDA,2026-02-07 12:13:00,99.74293283181417,0.23717391703496238,99.7327651318756,99.77199803155747,99.72662364697605
NVDA,2026-02-07 12:14:00,99.63852407088982,-0.32889648446063163,99.67296493197308,99.67441761173991,99.60536183740265
NVDA,2026-02-07 12:15:00,99.5410020956057,0.17048328328896123,99.51910505042852,99.58617641868977,99.50195316252503
NVDA,2026-02-07 12:16:00,99.4894042542064,-0.43860344038327065,99.4850580463147,99.52743213005033,99.47252116533686
NVDA,2026-02-07 12:17:00,99.39848911886322,0.1314404150394663,99.4229003582037,99.44906448414513,99.39295670948334
NVDA,2026-02-07 12:18:00,99.59381925158704,0.07361603429118896,99.6213461175264,99.63712709088587,99.58066257102922
NVDA,2026-02-07 12:19:00,99.30769292878419,0.1243268006169046,99.2716424470386,99.35439258111298,99.23409590627702
NVDA,2026-02-07 12:20:00,99.35743113380471,0.13234217283086877,99.31679713157546,99.35821371519198,99.29485619624258
NVDA,2026-02-07 12:21:00,99.39078912106768,0.6467484279076257,99.38295536352827,99.42630085655351,99.36567804731212
NVDA,2026-02-07 12:22:00,99.34144771334154,0.22677406237104006,99.33413987093093,99.34796774713699,99.31648376859577
NVDA,2026-02-07 12:23:00,99.54694319477345,0.7082115880898723,99.5139993534719,99.563987566013,99.46903109032924
NVDA,2026-02-07 12:24:00,99.51972028865286,0.34138977150597904,99.48196003314303,99.52815626470874,99.454290717941
NVDA,2026-02-07 12:25:00,99.50949790308071,0.5066932679070011,99.5140477587488,99.53351294067572,99.4976425758223
NVDA,2026-02-07 12:26:00,99.71055383371213,0.31144070108419303,99.69259456165996,99.71607711540337,99.68100388416855
NVDA,2026-02-07 12:27:00,99.55145172741143,-0.14552406901317838,99.5767617155632,99.6075815110727,99.5380101156519
NVDA,2026-02-07 12:28:00,99.52816334096791,0.949777825885683,99.5674992150529,99.59676448130756,99.50389903269593
NVDA,2026-02-07 12:29:00,99.6553860550541,-0.3495732135991416,99.62644063816272,99.69540918951623,99.6200289600419
NVDA,2026-02-07 12:30:00,99.5704989941961,-0.36099484908833823,99.52350513051044,99.60153427942156,99.49815253760403
NVDA,2026-02-07 12:31:00,99.57371900682746,0.21027270657812697,99.57238782839715,99.58798231355507,99.56179588665631
NVDA,2026-02-07 12:32:00,99.48616239775163,0.21473935711117875,99.49395759061034,99.50513939899069,99.4713138661053
NVDA,2026-02-07 12:33:00,99.72397245226246,-0.12595796309235138,99.67889243836797,99.74101243726642,99.6661013225703
NVDA,2026-02-07 12:34:00,99.51834732844641,0.02689465682334335,99.55885517448237,99.56259702434498,99.47590790411627
NVDA,2026-02-07 12:35:00,99.49619334789845,0.4379752963295504,99.48855614164987,99.54558943523345,99.45250004078133
NVDA,2026-02-07 12:36:00,99.70132942594614,0.4290549159152579,99.72602836957554,99.7416742782362,99.67049407861464
NVDA,2026-02-07 12:37:00,99.79030804633639,0.47453180308934473,99.82485837714192,99.84186640718974,99.74707664647266
NVDA,2026-02-07 12:38:00,99.68749974281558,-0.7586548175875253,99.70307878585412,99.72462863735356,99.68007471731194
NVDA,2026-02-07 12:39:00,99.52830016966374,-0.38241395892935326,99.47846340365858,99.56801139271245,99.45287616239702
NVDA,2026-02-07 12:40:00,99.4635922344323,-0.2119232884994196,99.42613492629748,99.47840992479843,99.41794679485398
NVDA,2026-02-07 12:41:00,99.66386345943206,0.12642965405889317,99.66744994294271,99.70785395856703,99.65752822146335
NVDA,2026-02-07 12:42:00,99.56324365665274,0.6291063959279413,99.57300261301617,99.58785716813847,99.5401992563781
NVDA,2026-02-07 12:43:00,99.43890368458986,0.03774798327154707,99.39370282974963,99.4885332699152,99.35167770975202
NVDA,2026-02-07 12:44:00,99.48557445449255,-0.3842896674589442,99.4707429198827,99.50148308867804,99.42706724387868
NVDA,2026-02-07 12:45:00,99.47275890938423,0.15580273663106653,99.49774360400087,99.53821317573964,99.45572979587952
NVDA,2026-02-07 12:46:00,99.54713903784537,0.5470841708644038,99.5116659617771,99.548433776735,99.46555513270499
NVDA,2026-02-07 12:47:00,99.46446104707279,-0.27258963595184776,99.42895018250317,99.49157955403662,99.40361051283142
NVDA,2026-02-07 12:48:00,99.50733800034702,0.06308741914822799,99.5558085204068,99.60488812792737,99.4619138396488
NVDA,2026-02-07 12:49:00,99.43303907912956,0.09279755275928647,99.4253793011135,99.45809528513473,99.41514626833717
NVDA,2026-02-07 12:50:00,99.20614614733047,-0.19520725894556523,99.1930519352658,99.22682619787538,99.18276991325203
NVDA,2026-02-07 12:51:00,99.18977319163552,0.5884822542532878,99.20572733948151,99.24677386686268,99.16801921221403
NVDA,2026-02-07 12:52:00,99.0462067431603,-0.5075217082578408,98.99793523765118,99.06600826396134,98.97145837257796
NVDA,2026-02-07 12:53:00,99.01054301713616,-0.3852342511003,99.0446150143867,99.08602766676935,98.9680222018053
NVDA,2026-02-07 12:54:00,99.05930190716246,-0.7014328952814127,99.02684275731318,99.10716521866834,98.98723357998715
NVDA,2026-02-07 12:55:00,98.98929800161565,0.2547760532164005,98.9591967462673,98.99766422578664,98.94129966108594
NVDA,2026-02-07 12:56:00,98.74727980732129,-0.2232696586779579,98.75546366526648,98.78859977811834,98.71012144692173
NVDA,2026-02-07 12:57:00,98.98756947223882,0.14967443275606312,98.98155753325366,99.01561316189382,98.95028694647164
NVDA,2026-02-07 12:58:00,98.92312119629148,-0.24279283145502473,98.94699954649258,98.98895339907878,98.90363602341789
NVDA,2026-02-07 12:59:00,98.75786273706244,0.4448786291191758,98.74400336073421,98.78790231200936,98.74387871118654
NVDA,2026-02-07 13:00:00,98.52856259398135,-0.02102734769804224,98.52945362676466,98.57105168991517,98.52377501708952
NVDA,2026-02-07 13:01:00,98.54410810654177,-0.035986278689848,98.50917767419622,98.56960114863931,98.47863047572952
NVDA,2026-02-07 13:02:00,98.57305195892818,0.4898977732253867,98.5329716203451,98.62023898434305,98.52873823566657
NVDA,2026-02-07 13:03:00,98.48110843357864,-0.16348067038270991,98.43597524567348,98.49729304829238,98.411773622166
NVDA,2026-02-07 13:04:00,98.34580048875439,-0.32085229048456065,98.30187025217003,98.35680253066512,98.27679349322425
NVDA,2026-02-07 13:05:00,98.30848615244352,-0.35692280387861314,98.33418372470985,98.35397168739745,98.29308775784988
NVDA,2026-02-07 13:06:00,98.32012614549716,0.5781595370356595,98.31476728224087,98.33939238786915,98.30131146469128
NVDA,2026-02-07 13:07:00,98.2071759503593,-0.1449364279951276,98.1907470888527,98.2441764690421,98.14145559846848
NVDA,2026-02-07 13:08:00,98.16061897810053,-0.145004220724535,98.16014034402536,98.17634358286035,98.12645207474041
NVDA,2026-02-07 13:09:00,98.08498126762524,-0.11756093455868484,98.0813245464859,98.1054284631565,98.03570427224004
NVDA,2026-02-07 13:10:00,98.00033524893702,0.6347678022431708,98.00410955842959,98.04036565783075,97.98031509620887
NVDA,2026-02-07 13:11:00,97.94079538393602,0.34067785111472276,97.94743221475369,97.96568572666334,97.90092417237497
NVDA,2026-02-07 13:12:00,97.79306376629677,-0.5939313586960989,97.75036374092974,97.80733021437652,97.73108015031389
NVDA,2026-02-07 13:13:00,98.1501693122088,0.48240346244104776,98.1252271088063,98.17505089882651,98.11250483296713
NVDA,2026-02-07 13:14:00,98.17879556680442,0.35925727422892273,98.19142000004675,98.21779518584265,98.16741712783873
NVDA,2026-02-07 13:15:00,98.18745183582242,0.5686189013238592,98.18498357757359,98.23554460802004,98.1652476832198
NVDA,2026-02-07 13:16:00,98.0209683560668,-0.5468327040250938,97.97245761347845,98.04192749884541,97.93899614424832
NVDA,2026-02-07 13:17:00,97.99358002108717,-0.29853606267043215,97.94466094192792,98.03040938746848,97.93051296317067
NVDA,2026-02-07 13:18:00,97.69900198510499,-0.9272439093870958,97.65349277159392,97.72071487430023,97.62021131819631
NVDA,2026-02-07 13:19:00,97.64158241491717,-0.6202118665337257,97.63375440275374,97.67817325855505,97.59978815225539
NVDA,2026-02-07 13:20:00,97.62469405415362,0.18756930772192634,97.63706969017085,97.65523491967026,97.59186185428462
NVDA,2026-02-07 13:21:00,97.57821611756665,-0.1352137974286469,97.58851897770406,97.6349863070398,97.53697380499852
NVDA,2026-02-07 13:22:00,97.44554236662637,0.03330673806454113,97.47283280391157,97.4974504815116,97.44456397962473
NVDA,2026-02-07 13:23:00,97.44618936844472,0.07911131975834639,97.47323819778474,97.49400839618889,97.42360289592332
NVDA,2026-02-07 13:24:00,97.60686521448925,-0.382258142618337,97.6500890631708,97.6740341407471,97.58383322786445
NVDA,2026-02-07 13:25:00,97.59987048318351,0.4298656051450969,97.6186375000872,97.62735802303875,97.58449474231385
NVDA,2026-02-07 13:26:00,97.57627657621421,0.6650374041179142,97.60995233748042,97.63655037742816,97.57322175917467
NVDA,2026-02-07 13:27:00,97.61393151662894,-0.33574289552422826,97.58910291787285,97.6281244236661,97.5604522968517
NVDA,2026-02-07 13:28:00,97.59171641802574,-0.9639389432317019,97.5622872160564,97.62796568469521,97.52210130082182
NVDA,2026-02-07 13:29:00,97.67035056703556,0.5514174973011421,97.66842984759946,97.70609519918706,97.6276970743322
NVDA,2026-02-07 13:30:00,97.585171364954,-0.692586840286263,97.55365530729306,97.61181143715227,97.53472430838036
NVDA,2026-02-07 13:31:00,97.47506221985249,-0.3253096318774083,97.5205162204778,97.55864910096001,97.44231320797576
NVDA,2026-02-07 13:32:00,97.374972050073,-0.15686723026878285,97.40947124264648,97.44640326410826,97.35770573892206
NVDA,2026-02-07 13:33:00,97.33577733588106,-0.28790929101376783,97.36765166981823,97.41141333347475,97.2872406437818
NVDA,2026-02-07 13:34:00,97.17525221872808,-1.0,97.18905981640442,97.19214623448542,97.16621199893159
NVDA,2026-02-07 13:35:00,97.12514191288956,-0.18946324533039638,97.10459463383141,97.17383833796113,97.09698603943774
NVDA,2026-02-07 13:36:00,97.22043298040178,0.5565336245017923,97.19723267849052,97.23138420042525,97.16393364901087
NVDA,2026-02-07 13:37:00,97.03300932644383,0.06350904338711462,97.02477363575395,97.03528774315824,97.01343753756173
NVDA,2026-02-07 13:38:00,97.08223916958707,-0.09442217420949134,97.10795566590114,97.15335672841223,97.0421009809071
NVDA,2026-02-07 13:39:00,97.10263011540266,-0.4819661862407527,97.12258235519968,97.17203979314881,97.08286201678722
NVDA,2026-02-07 13:40:00,96.97786117188876,-0.23113370204245576,97.02415199917017,97.0523053978596,96.96897199386133
NVDA,2026-02-07 13:41:00,97.043759517558,-0.2985015166866145,97.01937588581706,97.06504038313115,96.99887556109529
NVDA,2026-02-07 13:42:00,97.0357867994518,0.45220750462229564,97.07776991405157,97.11122185296942,97.02023957611217
NVDA,2026-02-07 13:43:00,97.10563153077075,-0.2880223402834345,97.14601081742371,97.18505420168005,97.08547649519586
NVDA,2026-02-07 13:44:00,97.114009046169,0.16519607789050353,97.07996622710617,97.13320608546705,97.05619613659086
NVDA,2026-02-07 13:45:00,97.17632990086082,0.8456576427533472,97.14902716084896,97.19595512319633,97.13498680565043
NVDA,2026-02-07 13:46:00,97.14124158613141,0.8136412619529314,97.144190435039,97.15040156286632,97.13673232741009
NVDA,2026-02-07 13:47:00,97.2282076398947,-0.0731834145532659,97.2367627495556,97.25772247903852,97.2038983156115
NVDA,2026-02-07 13:48:00,97.4407038675681,-0.013144982791148507,97.40497939467508,97.45917884792048,97.40334545270105
NVDA,2026-02-07 13:49:00,97.67249080861811,0.02151273218165929,97.6515318374983,97.71880861360896,97.63050033285415
NVDA,2026-02-07 13:50:00,97.79384405433467,0.5744001241295218,97.83796394118288,97.85721442166822,97.75230543948881
NVDA,2026-02-07 13:51:00,97.69492825436829,0.7234340350768571,97.69104838575865,97.74054948799991,97.66572251956116
NVDA,2026-02-07 13:52:00,97.70697495213324,-0.4516638741580672,97.74247202512855,97.75470412962854,97.6715553622926
NVDA,2026-02-07 13:53:00,97.7332908705254,0.25526184956163467,97.6982598384402,97.7509884442216,97.69084719421794
NVDA,2026-02-07 13:54:00,97.83022274711175,-0.032302953208508796,97.8788407243092,97.9267198919659,97.81011146623209
NVDA,2026-02-07 13:55:00,97.92769443628524,0.8882154316210923,97.93809968029596,97.94114816386873,97.9135073705985
NVDA,2026-02-07 13:56:00,97.9767277224901,0.004200108268326925,98.01061590180021,98.04861466566074,97.9610971249415
NVDA,2026-02-07 13:57:00,98.16965226928505,0.1602736461630173,98.20877975301545,98.24113549536372,98.1443680589108
NVDA,2026-02-07 13:58:00,98.22239003936396,-0.08883067164379009,98.22033505685549,98.2427749232296,98.20260721901789
NVDA,2026-02-07 13:59:00,98.06944810506972,-0.4613427089584689,98.06628678124025,98.11594382508802,98.02516596644921
NVDA,2026-02-07 14:00:00,98.2457830239584,0.07005626977312542,98.29325963256576,98.32860210725696,98.19641526809507
NVDA,2026-02-07 14:01:00,98.4000421906437,0.4304521903002789,98.3869049671972,98.4185215189389,98.36071628625913
NVDA,2026-02-07 14:02:00,98.31878799401368,-0.5344867696529426,98.29793888735709,98.3677507503699,98.28317142891864
NVDA,2026-02-07 14:03:00,98.3491781381198,0.32015120976273764,98.3794017705705,98.4182415383126,98.32321320694805
NVDA,2026-02-07 14:04:00,98.41099957691802,-0.15783196100706895,98.37379518602896,98.44595624164693,98.36660412774636
NVDA,2026-02-07 14:05:00,98.32437949866612,-0.40346234817467813,98.2971363024935,98.33513568665398,98.29636137677622
NVDA,2026-02-07 14:06:00,98.46761573742003,0.1528012381263203,98.45448550577241,98.48196242437618,98.42755485948716
NVDA,2026-02-07 14:07:00,98.45830069052109,0.08874207319971615,98.50812111028144,98.54225716680529,98.43404498454098
NVDA,2026-02-07 14:08:00,98.46917801794964,0.34923225658007817,98.433309380855,98.49266103853587,98.39929261791727
NVDA,2026-02-07 14:09:00,98.50767175798232,-0.31168577932151403,98.48189666183528,98.52997846511317,98.46695330544665
NVDA,2026-02-07 14:10:00,98.50942396058264,0.16783672110339742,98.49070740948724,98.53648331616989,98.45506129002493
NVDA,2026-02-07 14:11:00,98.46726490669194,-0.328425531281922,98.4734812090767,98.49882688069475,98.44476301471398
NVDA,2026-02-07 14:12:00,98.57747108748221,-0.30245854929199817,98.59018388083767,98.6264167563576,98.55373308708384
NVDA,2026-02-07 14:13:00,98.65180058296802,-0.40819117310509995,98.67118901299337,98.68966159822494,98.6314434920936
NVDA,2026-02-07 14:14:00,98.78402286795489,-0.545656404793308,98.82768058942904,98.86709575520767,98.73537702200753
NVDA,2026-02-07 14:15:00,98.83043026345821,-0.3007269835147099,98.85668513021413,98.8990682222664,98.79248528858565
NVDA,2026-02-07 14:16:00,98.68062731123668,-0.3465714768846069,98.69630459620886,98.72861784836596,98.66071352663313
NVDA,2026-02-07 14:17:00,98.68162088775361,-0.03653055306085651,98.71435572719419,98.73095902504421,98.67086653059161
NVDA,2026-02-07 14:18:00,98.59429494677646,-0.02346160616258999,98.6079107265869,98.61408483671941,98.58762404880078
NVDA,2026-02-07 14:19:00,98.51333705923265,0.043339138115678015,98.52299334604173,98.53189087091741,98.48346111554237
NVDA,2026-02-07 14:20:00,98.5067023806047,-0.22843242293896926,98.50600340769405,98.51025551687525,98.50189794826343
NVDA,2026-02-07 14:21:00,98.51996026394318,0.25893496160217433,98.56636829838061,98.57363852231468,98.47132936761
NVDA,2026-02-07 14:22:00,98.6118357875198,-0.6445111848295568,98.6547649809573,98.66841185380959,98.60676259353538
NVDA,2026-02-07 14:23:00,98.44807475486004,-0.005138135722826161,98.48711875077848,98.53047232772211,98.4149453323325
NVDA,2026-02-07 14:24:00,98.46255483516643,-0.2735674714351565,98.4246975368452,98.46790790040988,98.38094030494841
NVDA,2026-02-07 14:25:00,98.31172575590037,-0.10432671330580544,98.33815444062716,98.37234710461125,98.30015662365543
NVDA,2026-02-07 14:26:00,98.38397698740748,0.23151052378537842,98.42552166251524,98.43255738540884,98.37897524664932
NVDA,2026-02-07 14:27:00,98.52498708640941,0.15813270051545997,98.5013078872266,98.53194974539949,98.47857623861285
NVDA,2026-02-07 14:28:00,98.62597603679174,0.8256467367258203,98.67139236516203,98.69803985219146,98.576146863879
NVDA,2026-02-07 14:29:00,98.49799391806805,0.019646419642085668,98.50193203605768,98.53932630608838,98.46081996037609
NVDA,2026-02-07 14:30:00,98.5118095755051,0.1654071428875372,98.51613365703184,98.52333339209069,98.48350131620634
NVDA,2026-02-07 14:31:00,98.56232286087238,-0.0016998069667601432,98.52093111335093,98.5703855417006,98.50742056291692
NVDA,2026-02-07 14:32:00,98.48471494438807,0.8542542722436371,98.47061519902452,98.51449009964877,98.46619007395263
NVDA,2026-02-07 14:33:00,98.35565766327476,0.47835158416374113,98.40116070696259,98.42556085202949,98.35252805306024
NVDA,2026-02-07 14:34:00,98.38538506478729,0.1257286165000998,98.40777069189372,98.41848677789027,98.37612544566025
NVDA,2026-02-07 14:35:00,98.44798334997887,-0.35095656150973886,98.49023337403196,98.51932106439104,98.42068651116668
NVDA,2026-02-07 14:36:00,98.36968824796314,-0.09374608035205811,98.38316609055309,98.39271076512124,98.32463427605421
NVDA,2026-02-07 14:37:00,98.33473946464038,0.3696822464892059,98.35705163836857,98.37039865283212,98.32513187231554
NVDA,2026-02-07 14:38:00,98.49031994819794,0.40326473427784815,98.47069837665885,98.49089795405948,98.43571098874924
NVDA,2026-02-07 14:39:00,98.72093791844284,0.26375911401815805,98.70847708110718,98.75008277851335,98.67349273664
NVDA,2026-02-07 14:40:00,98.98355130305406,0.15416656728751016,98.98149114064947,99.00219302615368,98.96340694401775
NVDA,2026-02-07 14:41:00,98.8563531284921,-0.20863489174514227,98.86186784028858,98.88081658612273,98.81056772428599
NVDA,2026-02-07 14:42:00,99.11517763178463,0.15542569749806237,99.0973426949458,99.15413157524527,99.07621603706609
NVDA,2026-02-07 14:43:00,99.00431634543615,-0.5238100072246498,99.03120879695915,99.06125751525654,98.9711595450957
NVDA,2026-02-07 14:44:00,99.06140209177278,0.5817735474899239,99.10262038957556,99.12177688998287,99.05132497357273
NVDA,2026-02-07 14:45:00,99.13015546831328,0.002229413425062203,99.12906777765993,99.13431841514713,99.09250942664598
NVDA,2026-02-07 14:46:00,98.98759600117971,-0.14665427899764935,98.99925329071749,98.9997692450691,98.94524897983186
NVDA,2026-02-07 14:47:00,99.1630511728763,0.09554912821822989,99.18740946725211,99.21200571581895,99.15072687558886
NVDA,2026-02-07 14:48:00,99.38855152818012,0.01425469582171165,99.34481048433058,99.41976736384532,99.29555546762326
NVDA,2026-02-07 14:49:00,99.42151015109854,-0.0583135507552237,99.39817643728558,99.45019997224512,99.34932578575673
NVDA,2026-02-07 14:50:00,99.52202157160869,-0.9011332452928098,99.57140068112281,99.61670709680027,99.49178768004359
NVDA,2026-02-07 14:51:00,99.67721354331479,0.8710099836407741,99.70305408982095,99.71595469135397,99.65832290470152
NVDA,2026-02-07 14:52:00,99.81967515789071,0.20565271973936664,99.86939761216071,99.87734993180682,99.80806023970064
NVDA,2026-02-07 14:53:00,99.87084988926699,0.3418759936171433,99.87494433922825,99.87636947802253,99.85953124404408
NVDA,2026-02-07 14:54:00,99.98183350930132,0.02854252459136214,99.96474675892077,100.01284478451801,99.9277512899128
NVDA,2026-02-07 14:55:00,99.89768195640337,0.6809389524814979,99.87935983640782,99.90834958324757,99.85910351867325
NVDA,2026-02-07 14:56:00,99.88581423576096,0.020942833907943353,99.86539357964179,99.92514672421936,99.83484031579627
NVDA,2026-02-07 14:57:00,99.79299514967535,-0.305745571265119,99.84089039951922,99.85222324107438,99.79161566595604
NVDA,2026-02-07 14:58:00,99.70389687557253,0.7117230557631544,99.70885399602678,99.7465088709034,99.66811484642764
NVDA,2026-02-07 14:59:00,99.68398621720027,0.5156568969108849,99.65323612988146,99.71795298122373,99.6192037283088
NVDA,2026-02-07 15:00:00,99.79825614581598,-0.048182784829545924,99.82254023802255,99.86065771825638,99.77488092151557
NVDA,2026-02-07 15:01:00,99.86645997466961,0.7449753528031664,99.86094505660363,99.88197179829797,99.8143537804618
NVDA,2026-02-07 15:02:00,99.79907890658603,-0.03691850621767239,99.77419177151893,99.82173113298536,99.74970411202615
NVDA,2026-02-07 15:03:00,99.75175416826659,0.25744287665521437,99.72799544424193,99.76358342795125,99.71783777372966
NVDA,2026-02-07 15:04:00,99.62689187694889,0.3686160204771441,99.61308038372627,99.65190041461733,99.5635165908871
NVDA,2026-02-07 15:05:00,99.6128114965571,0.46767346854078556,99.58891117902743,99.6388700322395,99.57378145647924
NVDA,2026-02-07 15:06:00,99.78684817525973,0.03331435276284596,99.78689969167887,99.801350528147,99.77052589073425
NVDA,2026-02-07 15:07:00,99.68332186970414,-0.6240481914246541,99.72792960009212,99.73983355190825,99.66347100809858
NVDA,2026-02-07 15:08:00,99.6792491633287,0.8849681829940135,99.71635406187798,99.76399591098779,99.6427569179952
NVDA,2026-02-07 15:09:00,99.75882303616763,-0.09307937244607614,99.76794301193003,99.78784686586305,99.74131786356811
NVDA,2026-02-07 15:10:00,99.71266616046992,0.21939365457163942,99.69114139618851,99.7219516383295,99.67498849978692
NVDA,2026-02-07 15:11:00,99.66497939533777,0.3044405558485072,99.62815247578808,99.70559460171934,99.58216678615777
NVDA,2026-02-07 15:12:00,99.68580562273483,0.043835912674445705,99.70629226128618,99.75103723148362,99.67310374368452
NVDA,2026-02-07 15:13:00,99.69369741865445,-0.4761311633604862,99.68003787702854,99.72559629610402,99.63210073137378
NVDA,2026-02-07 15:14:00,99.73134031955892,-0.32295285909374216,99.72318787912131,99.77227275326265,99.7183634476887
NVDA,2026-02-07 15:15:00,99.63634750671692,-0.35440880674458924,99.65169505317189,99.67900166536933,99.61206577710733
NVDA,2026-02-07 15:16:00,99.60442154589775,-0.21742430216287956,99.62832669763763,99.63396743933889,99.5870857213911
NVDA,2026-02-07 15:17:00,99.72285878981923,-0.5971120880773819,99.71663735616744,99.75529013905724,99.68973883946049
NVDA,2026-02-07 15:18:00,99.60676820491678,0.4695043284140241,99.61628881177042,99.64575636746311,99.5880037814878
NVDA,2026-02-07 15:19:00,99.70771916201333,-0.23570659122850826,99.68268778750497,99.7172150162968,99.63689913678273
NVDA,2026-02-07 15:20:00,99.6196585694371,-0.9431537388131332,99.60601261177852,99.62004724946964,99.58972289877956
NVDA,2026-02-07 15:21:00,99.6137379174943,-0.0567308129056734,99.65582254491942,99.68398970512051,99.60733792443057
NVDA,2026-02-07 15:22:00,99.54938134786241,0.09671055605948585,99.56239419526058,99.602365280328,99.54658237446601
NVDA,2026-02-07 15:23:00,99.57521518784245,-0.14179888183208716,99.60734922514213,99.64807359852041,99.52874397374742
NVDA,2026-02-07 15:24:00,99.64938713777428,-0.02234005416612231,99.65936024975116,99.70347837170604,99.64027066149066
NVDA,2026-02-07 15:25:00,99.73105067416402,0.09620305307127422,99.74727433672614,99.75247187547562,99.69792012074608
NVDA,2026-02-07 15:26:00,99.77729579259764,-0.0013309093706372409,99.79050608226787,99.80452850294711,99.75196871833982
NVDA,2026-02-07 15:27:00,99.63703211739167,-0.11334926607610163,99.63443721795319,99.66984452722937,99.60805206454951
NVDA,2026-02-07 15:28:00,99.78471413099886,0.4015385529763588,99.78476330384706,99.81411095068471,99.7747404183662
NVDA,2026-02-07 15:29:00,99.90420819977857,0.05225677300805939,99.87303134416551,99.92689067541154,99.83804783415377
NVDA,2026-02-07 15:30:00,99.9079652514239,0.4593331666969402,99.86596062230736,99.93630867157428,99.83310752345248
NVDA,2026-02-07 15:31:00,99.86614196542857,0.5546434681738417,99.88830674083478,99.93101573597926,99.81669921776677
NVDA,2026-02-07 15:32:00,99.82101701034455,0.11535331136788879,99.8361896167852,99.85202225396854,99.804992224514
NVDA,2026-02-07 15:33:00,99.78262984133862,0.03980920884626298,99.74606132953198,99.82547743529359,99.72299246962012
NVDA,2026-02-07 15:34:00,99.69760415237313,0.527750252026964,99.74639870995216,99.76900000955021,99.67212057488364
NVDA,2026-02-07 15:35:00,99.65505581691941,0.10010813737046352,99.66471492124315,99.67666187170828,99.6133504321865
NVDA,2026-02-07 15:36:00,99.6172033116208,0.5314712894853203,99.64813313923852,99.660338017934,99.59325854580275
NVDA,2026-02-07 15:37:00,99.76318658718802,0.12494262321491495,99.8072486436067,99.8129605820991,99.75745584930513
NVDA,2026-02-07 15:38:00,99.81718012249237,-0.19740070458721792,99.82420854571807,99.86416453980868,99.797946254412
NVDA,2026-02-07 15:39:00,99.68684024752913,-0.10504237306077996,99.66129278860957,99.7335810807747,99.63950225110608
NVDA,2026-02-07 15:40:00,99.51237344437483,0.6409140788374548,99.53816827435251,99.54067436489723,99.51156839438728
NVDA,2026-02-07 15:41:00,99.60684602776219,-0.3428629742636408,99.58280046086674,99.63202717835377,99.54852311492603
NVDA,2026-02-07 15:42:00,99.61651855580925,-0.2874904380240519,99.61946379600495,99.64704792094174,99.58349353526792
NVDA,2026-02-07 15:43:00,99.55643975490399,-0.5914560623415355,99.51188169669777,99.58330837307705,99.48350327520362
NVDA,2026-02-07 15:44:00,99.55632821122514,-0.050574122447800546,99.59215419555417,99.6357390201979,99.53156604319794
NVDA,2026-02-07 15:45:00,99.49535743840684,-0.19247022792696808,99.53762611189448,99.57970804302784,99.45979390601877
NVDA,2026-02-07 15:46:00,99.53541425274979,-0.3163180286239499,99.49474850893694,99.57482034009031,99.47708017478227
NVDA,2026-02-07 15:47:00,99.60249246797947,-0.5126244092704932,99.63347601329497,99.64465211904546,99.55594707792642
NVDA,2026-02-07 15:48:00,99.5065574093522,0.09875190091724163,99.46047073121596,99.5173485932302,99.4130550555897
NVDA,2026-02-07 15:49:00,99.49697713428063,0.11513663412544684,99.4681655176895,99.52515549165035,99.42008661712853
NVDA,2026-02-07 15:50:00,99.38308786690125,-0.23860926515887848,99.39772346701331,99.43894558036226,99.3751414970473
NVDA,2026-02-07 15:51:00,99.45865550248816,0.18533640888778224,99.41547843634983,99.46025102947249,99.39914311318377
NVDA,2026-02-07 15:52:00,99.32783246588595,0.15233512380923436,99.33040122265592,99.36001871529821,99.29371752750826
NVDA,2026-02-07 15:53:00,99.14300290148994,-0.4671084679887749,99.16793756125035,99.19244646390727,99.14236896152315
NVDA,2026-02-07 15:54:00,99.24603526041734,-0.022894551583120325,99.24322374448072,99.28098707016477,99.1990799421481
NVDA,2026-02-07 15:55:00,99.10809070721773,0.07997372466988761,99.10742058515306,99.14424266430322,99.07856294950652
NVDA,2026-02-07 15:56:00,99.0918595537693,0.12154438336941749,99.14180083439332,99.15473110973939,99.05319122103444
NVDA,2026-02-07 15:57:00,99.09491268325318,0.1978614871136388,99.0668437379456,99.11569032995446,99.04007167422844
NVDA,2026-02-07 15:58:00,99.1108213082136,0.29192196051839653,99.08523181659228,99.14460298470061,99.08040546365038
NVDA,2026-02-07 15:59:00,99.0999127162005,0.00369221651343175,99.08293749633211,99.11769274110388,99.04695996273917
AMZN,2026-02-07 09:30:00,99.95762026794215,0.1204851560220454,99.94226991339039,99.99371161598175,99.89662562730952
AMZN,2026-02-07 09:31:00,100.04671684162074,-0.05849332552802675,100.01461362574165,100.05476355433646,99.99673855576552
AMZN,2026-02-07 09:32:00,100.06668579464394,-0.7990766322357848,100.02495162695,100.11549743487281,99.99881127958315
AMZN,2026-02-07 09:33:00,99.99653342994891,-0.30325644929635354,100.0146498480695,100.03335501692395,99.97461178190912
AMZN,2026-02-07 09:34:00,99.9253509680331,0.3771101977426426,99.90715594710272,99.96306441905615,99.86747607556264
AMZN,2026-02-07 09:35:00,99.85474659271216,-0.8196183039899927,99.84749635941986,99.86572164939392,99.83602153275407
AMZN,2026-02-07 09:36:00,99.84737106332011,-0.00849054394843786,99.84844262775367,99.8606607203071,99.8170471974037
AMZN,2026-02-07 09:37:00,100.0284371560023,-0.05695344147075591,100.00066222807988,100.0591674115426,99.9583741014201
AMZN,2026-02-07 09:38:00,100.01015647034565,-0.3884925593364119,100.00769330025733,100.04604743547276,99.96942744603004
AMZN,2026-02-07 09:39:00,99.89918381886069,-0.412948310314911,99.90105066791435,99.93465213799148,99.86243828280546
AMZN,2026-02-07 09:40:00,100.05811372391723,0.44277763055299757,100.04911334965976,100.06548365582532,100.04349121373927
AMZN,2026-02-07 09:41:00,100.118503148742,0.03952485962279515,100.16636332024413,100.19640581471265,100.07258521717013
AMZN,2026-02-07 09:42:00,100.11636304757668,-1.0,100.0843856887102,100.1398788943276,100.04832524100568
AMZN,2026-02-07 09:43:00,99.93360897236626,-0.4927493347415964,99.9702485613569,99.99630010037403,99.90287924794961
AMZN,2026-02-07 09:44:00,100.122857046953,0.49121401129473274,100.13179268699339,100.1591000616595,100.10928050730445
AMZN,2026-02-07 09:45:00,100.03074338775868,0.5483230578252289,100.05290685606779,100.07599356392662,100.02110793479568
AMZN,2026-02-07 09:46:00,99.86831908023676,0.13194672439801555,99.82915459681357,99.882133261101,99.8026943375646
AMZN,2026-02-07 09:47:00,100.03110680619022,0.23033630279940268,100.07820433498738,100.11649298822057,99.98331969972267
AMZN,2026-02-07 09:48:00,100.04283149412733,1.0,100.0348695124259,100.05687041477597,100.02330219683141
AMZN,2026-02-07 09:49:00,100.04487030298333,0.5542608506813846,100.03339607842766,100.0823044549613,100.03123410085118
AMZN,2026-02-07 09:50:00,100.04761502301648,-0.07710840134355057,100.06502583433296,100.1109179603059,100.0262424999892
AMZN,2026-02-07 09:51:00,100.2206808024685,-0.3914804049866553,100.19946346719101,100.26611923904355,100.16289996791271
AMZN,2026-02-07 09:52:00,100.18981290325705,-0.4384374882508915,100.20328904584113,100.24636961360655,100.16869920287488
AMZN,2026-02-07 09:53:00,100.22360663865162,0.6809661941520021,100.27329740875788,100.30536977683055,100.21048410040396
AMZN,2026-02-07 09:54:00,100.19265371653063,0.31873075143413776,100.20700359542388,100.21506021913108,100.19045082086133
AMZN,2026-02-07 09:55:00,100.15114136895632,-0.5652853488411269,100.18142230273533,100.20054013216318,100.14955592543299
AMZN,2026-02-07 09:56:00,100.15789388535516,-0.6274711701995876,100.15899940890577,100.19824506327987,100.15567994371173
AMZN,2026-02-07 09:57:00,100.18969336318546,-0.6346632517437341,100.22363793680877,100.2443635464546,100.16855647167577
AMZN,2026-02-07 09:58:00,100.28798587341771,0.13036478705593021,100.25944886197496,100.32631805858719,100.2260799966551
AMZN,2026-02-07 09:59:00,100.3123023740459,0.5057644699966682,100.34625168527627,100.35503183032763,100.30952209668993
AMZN,2026-02-07 10:00:00,100.34312538943406,0.1463408739446559,100.36841973359113,100.39465831238763,100.32585386659275
AMZN,2026-02-07 10:01:00,100.30297056244154,-0.14266558631519455,100.3232193354694,100.35578799181533,100.29280864315848
AMZN,2026-02-07 10:02:00,100.2408903119131,0.9924137848443062,100.28824531034199,100.31605086368148,100.22799348503405
AMZN,2026-02-07 10:03:00,100.48111694587735,0.13252658640878176,100.48525241527399,100.51521106967898,100.46173946473475
AMZN,2026-02-07 10:04:00,100.4642463300754,0.14972998480183006,100.51055006604287,100.52030079323784,100.46354016070434
AMZN,2026-02-07 10:05:00,100.46451695786796,0.25157845447576066,100.47853299475133,100.51217089735853,100.45960303338819
AMZN,2026-02-07 10:06:00,100.46193318888498,-0.16471982887234804,100.50618920591333,100.53246132169517,100.42710705035938
AMZN,2026-02-07 10:07:00,100.16251502482231,-0.22028513562120478,100.15624504228363,100.19654033515006,100.11423259005821
AMZN,2026-02-07 10:08:00,100.13528148468298,-0.6402152316145746,100.12911069465682,100.15110805745097,100.12849872249032
AMZN,2026-02-07 10:09:00,100.13929362424132,-0.33384029308360025,100.1528948877019,100.16920202179354,100.11204157671543
AMZN,2026-02-07 10:10:00,100.1969824080186,-0.7111303170183856,100.20741663139715,100.24105674786664,100.18485661826006
AMZN,2026-02-07 10:11:00,100.24273481634805,-1.0,100.23778051952782,100.28645081600646,100.21138324752833
AMZN,2026-02-07 10:12:00,100.17551627106843,-0.03630391278169654,100.192925221562,100.23838143874235,100.16220537594907
AMZN,2026-02-07 10:13:00,100.28585225687365,0.24438175080336488,100.30890176830303,100.32296425120366,100.28160753170312
AMZN,2026-02-07 10:14:00,100.60034417931905,0.024972417300890632,100.63409371782205,100.64788991267396,100.58215656517385
AMZN,2026-02-07 10:15:00,100.74023982049333,0.49669318365563236,100.70994226079563,100.75357366652585,100.70209107083797
AMZN,2026-02-07 10:16:00,100.79787487538034,0.6499591679481821,100.8185314222763,100.84726402373269,100.74818833827557
AMZN,2026-02-07 10:17:00,100.85051360919668,0.31477637554966015,100.80163728311781,100.86066960675039,100.77139618429263
AMZN,2026-02-07 10:18:00,101.0942411996607,0.06368782600405341,101.08348871830803,101.11575189237735,101.07687550215486
AMZN,2026-02-07 10:19:00,101.12915135881566,-0.6846977577169377,101.1066247819674,101.17033284478016,101.064908972265
AMZN,2026-02-07 10:20:00,101.05309828690403,-0.7124272043533539,101.05303097239265,101.06385177830859,101.0237143187453
AMZN,2026-02-07 10:21:00,101.14512053093253,-0.04030812797715968,101.17478706542822,101.20593099616562,101.13592291828209
AMZN,2026-02-07 10:22:00,101.21815282401595,0.3078455979826096,101.1709650387465,101.22819017318393,101.12740443179835
AMZN,2026-02-07 10:23:00,101.06501356035677,-0.391021988480289,101.10228170013042,101.14360292710143,101.05586523650867
AMZN,2026-02-07 10:24:00,101.19960777746547,-0.7004294687415706,101.1987707441852,101.23378243594242,101.1580377605305
AMZN,2026-02-07 10:25:00,101.24210307763202,0.05089103001322647,101.20414543848801,101.2474425708704,101.18816838267055
AMZN,2026-02-07 10:26:00,101.3137615166586,0.06253077728421824,101.29956586914255,101.36244078001504,101.2754858772076
AMZN,2026-02-07 10:27:00,101.28910260051839,-0.45685485299452466,101.29454299117882,101.31810457157722,101.23926156412517
AMZN,2026-02-07 10:28:00,101.34361613055344,-0.140228150081331,101.35128393335087,101.39268438296634,101.30334752492092
AMZN,2026-02-07 10:29:00,101.41035792086544,-0.35931893761472766,101.42251872286924,101.45975378740104,101.37075541292991
AMZN,2026-02-07 10:30:00,101.27064690544832,-0.5127701991452565,101.23545790999641,101.27216924071143,101.21226673831478
AMZN,2026-02-07 10:31:00,101.2025808878315,-0.0025367018273664225,101.24965566746974,101.28915358425508,101.20101931833487
AMZN,2026-02-07 10:32:00,101.38608563059577,0.32908948584695735,101.4103288069799,101.4469072739967,101.37245436608893
AMZN,2026-02-07 10:33:00,101.19411989079545,-0.3847574667645939,101.17967948240185,101.22451223403351,101.14337925612506
AMZN,2026-02-07 10:34:00,101.18484066643362,-0.08615641556955439,101.16596237414768,101.19666065092106,101.12109560877444
AMZN,2026-02-07 10:35:00,101.00244302363002,-0.537889727933125,101.03467582547155,101.06652157066509,100.97347033672538
AMZN,2026-02-07 10:36:00,100.91800098434786,0.011202335833714754,100.8932730596733,100.92956625924862,100.88301435142668
AMZN,2026-02-07 10:37:00,100.90029166897985,-0.14954650019076762,100.8779590670805,100.91515508520959,100.84638113551812
AMZN,2026-02-07 10:38:00,101.08987175785676,-0.23460943500010287,101.13910373572958,101.169239446222,101.08939242625495
AMZN,2026-02-07 10:39:00,101.00677254376667,0.252691576953949,101.02963354077775,101.0744858687438,100.99914820663298
AMZN,2026-02-07 10:40:00,101.03119814291644,0.6285169801229118,101.03888349751816,101.04516163013233,101.01322233679825
AMZN,2026-02-07 10:41:00,100.9892659912283,-0.24574388136937225,101.01225559200797,101.03694191081871,100.96382357766352
AMZN,2026-02-07 10:42:00,100.82244742826335,-0.5935008409816273,100.81342194553443,100.86168747762201,100.80253152917214
AMZN,2026-02-07 10:43:00,101.0933429902645,0.09290668134372086,101.0679531699103,101.0955935972388,101.05623432783831
AMZN,2026-02-07 10:44:00,101.18781885532898,0.5119202661006328,101.16538171702885,101.22291682389964,101.14043421569829
AMZN,2026-02-07 10:45:00,101.19556919277315,0.47217029223672313,101.1691215378604,101.20680546962386,101.13321329799132
AMZN,2026-02-07 10:46:00,101.29792825790948,-0.1514601129028092,101.24883601538085,101.31066707487045,101.21608460651801
AMZN,2026-02-07 10:47:00,101.31030818593874,-0.481647817675316,101.27066583995409,101.32841226214637,101.23655407043852
AMZN,2026-02-07 10:48:00,101.57815028883074,0.6465426021441234,101.56424623972886,101.626866365854,101.51447734130352
AMZN,2026-02-07 10:49:00,101.69224699844932,0.48905547822479384,101.70494521585621,101.75181267984645,101.64645132920795
AMZN,2026-02-07 10:50:00,101.60765213677833,0.5176011905087259,101.57237215004089,101.633876980429,101.568757724002
AMZN,2026-02-07 10:51:00,101.65790502079965,-0.09698573239098142,101.65621862215713,101.68118736607066,101.6503406785119
AMZN,2026-02-07 10:52:00,101.6868321370459,0.12011838439071654,101.64779748909794,101.70638625465796,101.6472567577961
AMZN,2026-02-07 10:53:00,101.47958231446252,0.2116874956605407,101.48870382120015,101.51969052497861,101.47660001449586
AMZN,2026-02-07 10:54:00,101.37505287954293,0.302400004387845,101.38545659922126,101.39791938228801,101.33463170945433
AMZN,2026-02-07 10:55:00,101.28295087881905,-0.6132965879664591,101.28442960901175,101.29680663661469,101.25059791237649
AMZN,2026-02-07 10:56:00,101.32592725185214,-0.5620016145251076,101.37436147819825,101.42169969054181,101.32495099472354
AMZN,2026-02-07 10:57:00,101.22682319245243,-0.5529911978963442,101.25837305993578,101.26082509868093,101.22018566302982
AMZN,2026-02-07 10:58:00,101.24556601208752,0.18805240876411145,101.20151092921087,101.28219215267309,101.19701949524864
AMZN,2026-02-07 10:59:00,101.15608562967195,-0.42821886981746415,101.15954946725377,101.16321139419837,101.11433912363849
AMZN,2026-02-07 11:00:00,101.07786920300246,0.6302934422233666,101.06402854400315,101.12559953240154,101.01929668370865
AMZN,2026-02-07 11:01:00,101.05659232344692,0.4143271602232069,101.03708552098844,101.07640298559572,101.01481723721636
AMZN,2026-02-07 11:02:00,100.91938414368157,-0.10493940085142112,100.87404093941043,100.9457798871008,100.86920743005719
AMZN,2026-02-07 11:03:00,100.99335416125867,-0.30674309959866486,101.03401565613343,101.05029008259936,100.98083129614008
AMZN,2026-02-07 11:04:00,100.9880611038064,-0.34715805611635475,100.99486241112324,101.00918503641547,100.950082902871
AMZN,2026-02-07 11:05:00,101.01615974191314,-0.30685243102688803,100.99260896606867,101.05156776373265,100.9748803367236
AMZN,2026-02-07 11:06:00,100.96851484787787,-0.3367441792575101,100.98821439416251,101.02226560418337,100.92577669801025
AMZN,2026-02-07 11:07:00,100.9612191571895,-0.029542177673906607,100.9661362875504,100.9755474424651,100.95205512880094
AMZN,2026-02-07 11:08:00,101.00337414838933,0.16950364181294023,101.00390236777972,101.0503717316226,100.97237040221538
AMZN,2026-02-07 11:09:00,100.83203384324065,-0.14227186209429274,100.8806174812712,100.8865382970445,100.80796054575825
AMZN,2026-02-07 11:10:00,100.86636436003113,-0.13580377211696082,100.81802676357205,100.89011019244847,100.77942263631007
AMZN,2026-02-07 11:11:00,100.60690893700416,0.5969792737697669,100.60831527132505,100.65567810375065,100.55795932810335
AMZN,2026-02-07 11:12:00,100.66786328776253,0.3289334170517004,100.71555844236835,100.7453437180911,100.65493091428023
AMZN,2026-02-07 11:13:00,100.63224466090855,0.6147693915775906,100.60356337099239,100.6707636757617,100.5937387641191
AMZN,2026-02-07 11:14:00,100.707277927368,-0.15947882245728717,100.73916731336416,100.75739395767317,100.69454715147674
AMZN,2026-02-07 11:15:00,100.69552712902077,-0.045480438621172056,100.70247838844033,100.72041398942672,100.67432892683479
AMZN,2026-02-07 11:16:00,100.82002184133295,0.1427468834406884,100.84354305541572,100.85399083078252,100.77720809719398
AMZN,2026-02-07 11:17:00,100.80296631308646,-0.06565094237607014,100.82923407155053,100.8598782665846,100.76754276809197
AMZN,2026-02-07 11:18:00,100.69255460151675,-0.6042916473923796,100.70352574765502,100.74733648752489,100.64421847310136
AMZN,2026-02-07 11:19:00,100.89485853676176,0.6421114280422299,100.91880171273472,100.93611007426166,100.86199535628995
AMZN,2026-02-07 11:20:00,100.93434471701704,-0.013007833761673294,100.96065768042877,100.9778408637377,100.8901795918916
AMZN,2026-02-07 11:21:00,100.79646274635381,0.07083848353847368,100.78875010398133,100.83186450502896,100.76900421997885
AMZN,2026-02-07 11:22:00,100.78591458152019,-0.03702752256109123,100.7860263030413,100.78678490219072,100.76785151562635
AMZN,2026-02-07 11:23:00,100.94904700667198,0.10758321073670629,100.95078476166992,100.98436530354336,100.90529005492385
AMZN,2026-02-07 11:24:00,100.91585221380332,0.4153803089937729,100.94249918169453,100.9747602659886,100.9083480657609
AMZN,2026-02-07 11:25:00,100.77031876113925,-1.0,100.81732141441705,100.83581215741529,100.73747296399912
AMZN,2026-02-07 11:26:00,100.52849584089087,-0.22905688218422773,100.51106371191527,100.56485110697031,100.48633815975552
AMZN,2026-02-07 11:27:00,100.61264403515959,-0.6917965955283798,100.6606732184198,100.70302461050342,100.57417643164203
AMZN,2026-02-07 11:28:00,100.51186252397412,-0.17867102492827774,100.53978296845686,100.58358153751273,100.48187169353464
AMZN,2026-02-07 11:29:00,100.5469756956159,0.3562947300328984,100.57849693427265,100.61509407735316,100.52105739419513
AMZN,2026-02-07 11:30:00,100.44748807631481,-0.33836080937956065,100.48181674125884,100.52531185485668,100.40923052532699
AMZN,2026-02-07 11:31:00,100.59673940033939,1.0,100.62350526902465,100.62527174594236,100.56861668520065
AMZN,2026-02-07 11:32:00,100.48707231801593,-0.13136871906271183,100.45097824688038,100.48996579535954,100.41863338095699
AMZN,2026-02-07 11:33:00,100.45125045986784,-0.014168964217319427,100.40471941672517,100.46993515251225,100.40092155295854
AMZN,2026-02-07 11:34:00,100.3965776813274,-0.4248191183359561,100.4309473275202,100.44339218889054,100.39574477834228
AMZN,2026-02-07 11:35:00,100.26548777957242,0.25289753077836885,100.25982995371173,100.27326316463603,100.24977164401949
AMZN,2026-02-07 11:36:00,100.31502082151728,0.4581312487782513,100.28365786285042,100.3301557828693,100.27560621971762
AMZN,2026-02-07 11:37:00,100.20326756241656,-0.2864234030789025,100.20162143569178,100.25113335267318,100.16341491325629
AMZN,2026-02-07 11:38:00,100.30056107901854,-0.17189098042696302,100.32644524658363,100.34050137506004,100.29182253912447
AMZN,2026-02-07 11:39:00,100.39482730511143,0.2412555211151226,100.43060753614787,100.47246131195301,100.37851375518986
AMZN,2026-02-07 11:40:00,100.46858908028308,0.3695821901200629,100.43699628894102,100.49705632810854,100.39304485527346
AMZN,2026-02-07 11:41:00,100.34847563090263,0.3459992981706479,100.34344390857483,100.37468269284193,100.3280346631856
AMZN,2026-02-07 11:42:00,100.33511625296286,0.09105125546898302,100.35972741019894,100.37661898936447,100.29130910482628
AMZN,2026-02-07 11:43:00,100.5675596455824,0.279756655683475,100.60733380455598,100.63291623389746,100.52870863429146
AMZN,2026-02-07 11:44:00,100.53859551484088,0.12153093998046081,100.55263318009693,100.59533525229767,100.53334296932769
AMZN,2026-02-07 11:45:00,100.4022355914097,0.39193817187270197,100.42454937817544,100.45199071531007,100.39569452605457
AMZN,2026-02-07 11:46:00,100.34229688264347,-0.6007945868859321,100.32585917656448,100.39204763470575,100.30736281383597
AMZN,2026-02-07 11:47:00,100.45211721586435,0.48316125209659255,100.42657718227763,100.49996830390208,100.41215887835075
AMZN,2026-02-07 11:48:00,100.55292197852954,-0.36876910735607404,100.56542939531124,100.57543335197218,100.52981022999376
AMZN,2026-02-07 11:49:00,100.81038485381453,0.12279284478897823,100.77942167377687,100.8467671779025,100.756899839174
AMZN,2026-02-07 11:50:00,100.81969362870836,0.262857614914267,100.83176598271197,100.86513362811347,100.79144795036473
AMZN,2026-02-07 11:51:00,100.86674756505515,0.26161543362542,100.87288248850935,100.89805204653821,100.8443473237537
AMZN,2026-02-07 11:52:00,100.94591204206638,-0.5420191302610323,100.97848686517332,101.02489576420474,100.89925391690213
AMZN,2026-02-07 11:53:00,101.13243376238262,-0.291803566732317,101.16265390029186,101.1818874549869,101.10989289396095
AMZN,2026-02-07 11:54:00,101.15115247599074,-0.12528058971717368,101.16561725059726,101.16874934996231,101.14021596874437
AMZN,2026-02-07 11:55:00,101.20408128774557,0.3335308887161902,101.24025407510373,101.27367552794608,101.18532026366316
AMZN,2026-02-07 11:56:00,101.144062594711,-0.850544815106773,101.1715051801856,101.20447537030343,101.13228153940773
AMZN,2026-02-07 11:57:00,101.16546720215739,-0.6527632145735089,101.1304637295425,101.20742677444733,101.0893324204939
AMZN,2026-02-07 11:58:00,101.23107438645701,-0.5752734749315529,101.27564412852745,101.31006330242944,101.20890005294036
AMZN,2026-02-07 11:59:00,101.20504986016167,-0.5048422442065088,101.16768582525724,101.25048800310176,101.15702938930521
AMZN,2026-02-07 12:00:00,101.23631839469934,-0.5988817780943891,101.25140895307483,101.2553874926613,101.19980005531912
AMZN,2026-02-07 12:01:00,101.10504027244481,0.12489466326219478,101.14254205046802,101.1873964072263,101.07911069293358
AMZN,2026-02-07 12:02:00,101.15782133320049,0.10892407499125445,101.17895796989477,101.22445782882087,101.12513933785948
AMZN,2026-02-07 12:03:00,101.1470290101282,0.6613245889166038,101.13618659485233,101.17706468485675,101.09456502656906
AMZN,2026-02-07 12:04:00,101.16450642730156,0.3079293858491082,101.19188381555534,101.240330672987,101.1329272701325
AMZN,2026-02-07 12:05:00,101.20313524476254,0.1547303033612684,101.21388520448231,101.23229024895498,101.16506541208213
AMZN,2026-02-07 12:06:00,101.16761687497207,-0.5699012943897366,101.211514217299,101.25879333990315,101.12019305927709
AMZN,2026-02-07 12:07:00,101.27089016976024,-0.09838729797376224,101.2577478551686,101.28622942389345,101.232496225202
AMZN,2026-02-07 12:08:00,101.31704899591124,-0.5436651845172666,101.34900630257317,101.36633794903582,101.27537242600728
AMZN,2026-02-07 12:09:00,101.23853737808027,0.01949543486437534,101.20220055467405,101.25833287967988,101.15862165401731
AMZN,2026-02-07 12:10:00,101.21968120641371,-0.05791308436403532,101.2219756689474,101.25076127617501,101.1972285292055
AMZN,2026-02-07 12:11:00,101.1466044833954,0.06554591650182287,101.10390175061171,101.1686842197873,101.08238539858992
AMZN,2026-02-07 12:12:00,101.01139917930468,-0.08838678415478185,101.03158554963684,101.04536051642108,101.00481858999854
AMZN,2026-02-07 12:13:00,101.04496975528001,0.04415507491432063,101.06692534063623,101.11188319311492,101.01951554963493
AMZN,2026-02-07 12:14:00,100.9223849020988,0.022102258441486018,100.88748560913139,100.92997559207826,100.8679630033214
AMZN,2026-02-07 12:15:00,100.91529470244028,-0.031220134983468484,100.95519932152246,100.96933220495009,100.89969612866518
AMZN,2026-02-07 12:16:00,100.96961668144912,-0.45921220703840415,100.93470814098363,100.98139381375339,100.89709458708909
AMZN,2026-02-07 12:17:00,101.00973852998311,-0.08190879571211514,101.0025400816537,101.01327328305375,101.00046001048979
AMZN,2026-02-07 12:18:00,101.18265875414325,0.5568037382229448,101.20300952437883,101.24723329078509,101.13713198632053
AMZN,2026-02-07 12:19:00,101.12876016316113,-0.14278196324506048,101.10116004594121,101.17783088115306,101.09227232410979
AMZN,2026-02-07 12:20:00,100.85437592085101,-0.10640597839230422,100.8415133075227,100.89305117745732,100.79659850642983
AMZN,2026-02-07 12:21:00,100.9258751214248,0.14134940475593744,100.96688414635891,100.97676135714582,100.89252867331409
AMZN,2026-02-07 12:22:00,100.94922273303749,0.5348974532384209,100.93732038192405,100.99007286669593,100.92503806461919
AMZN,2026-02-07 12:23:00,100.76272645880738,0.06385265426432733,100.72970956498082,100.77761167277406,100.7082046207624
AMZN,2026-02-07 12:24:00,100.75948125201216,-0.4463707524716508,100.73134333679619,100.77151866097027,100.71381102457913
AMZN,2026-02-07 12:25:00,100.58061963876125,-0.33375510404412206,100.54159954599386,100.59833981296265,100.53686715268235
AMZN,2026-02-07 12:26:00,100.60492633089734,-0.31634535647029854,100.62843901588765,100.65158788005576,100.59004123118038
AMZN,2026-02-07 12:27:00,100.66838112403434,0.14611854802440458,100.70816915900889,100.74615591452061,100.65772732748019
AMZN,2026-02-07 12:28:00,100.77557506798453,0.06409800603885325,100.72871176741312,100.79973875121382,100.69986340833249
AMZN,2026-02-07 12:29:00,100.5829547988053,0.1519974018933178,100.61220728613542,100.65293101048674,100.54386474205093
AMZN,2026-02-07 12:30:00,100.52104644417587,-0.4396061227930681,100.49803590636274,100.5658132195826,100.46702553599984
AMZN,2026-02-07 12:31:00,100.62867630106356,-0.0173051621707118,100.58564783716396,100.67626045711269,100.57750265135138
AMZN,2026-02-07 12:32:00,100.65408133059407,0.16597803162788693,100.66080107970983,100.68868431232188,100.63205352111676
AMZN,2026-02-07 12:33:00,100.59291619109072,0.6836846295807194,100.55741677163786,100.62770707614946,100.54900140470734
AMZN,2026-02-07 12:34:00,100.70202338134256,0.9673045777012345,100.69784462413685,100.73947390087822,100.67875116386534
AMZN,2026-02-07 12:35:00,100.65687077443962,-0.043665459710916094,100.69225361642238,100.72714829465919,100.62099951003471
AMZN,2026-02-07 12:36:00,100.60402879746728,-0.17925349867947646,100.64510035584787,100.66589205172505,100.60282173721333
AMZN,2026-02-07 12:37:00,100.55416649017374,0.2777358235704425,100.59112826747447,100.63540613671258,100.51763966955463
AMZN,2026-02-07 12:38:00,100.56235789430244,0.33285358141097865,100.54593586713771,100.60873660873285,100.51656366819815
AMZN,2026-02-07 12:39:00,100.65455665964149,-0.04965804008882402,100.60789900216093,100.68134269212186,100.57511606562709
AMZN,2026-02-07 12:40:00,100.67074917174047,0.1510122637368737,100.65549791381092,100.72043723754794,100.62915783660024
AMZN,2026-02-07 12:41:00,100.67093935005084,0.8192588288940602,100.70364986477166,100.74705476502724,100.62550882613726
AMZN,2026-02-07 12:42:00,100.69759268275581,-0.11015052343597359,100.71758732539952,100.74290239525614,100.65402982499067
AMZN,2026-02-07 12:43:00,100.66392540296818,-0.5605290529876384,100.6731341616398,100.69590174433007,100.6341353387875
AMZN,2026-02-07 12:44:00,100.64913777642782,0.354094187941589,100.64881241365586,100.68364585841596,100.63402026713098
AMZN,2026-02-07 12:45:00,100.80432456188149,0.27153377710060184,100.8474610927437,100.86825664010466,100.78257442165607
AMZN,2026-02-07 12:46:00,100.9689324494088,0.022038584628955894,100.9484530224916,100.9934998832059,100.91886150155494
AMZN,2026-02-07 12:47:00,100.97116077349638,0.684432899155018,101.01180431550554,101.03898014165935,100.92820561106038
AMZN,2026-02-07 12:48:00,101.06387377512581,-0.31011816837328504,101.0773514662376,101.09351521162202,101.01542750908456
AMZN,2026-02-07 12:49:00,100.84514586396676,-0.18299361621213595,100.7976580623362,100.86019819465818,100.76145926304551
AMZN,2026-02-07 12:50:00,100.77947067281016,0.22833373245099625,100.74980487555858,100.78343531382879,100.70556764616514
AMZN,2026-02-07 12:51:00,100.9068696482316,0.6708076596220988,100.93984670183279,100.97446356428473,100.89946378956755
AMZN,2026-02-07 12:52:00,100.89151992796245,0.8607856640605075,100.9406507190497,100.9757960044244,100.85839734462107
AMZN,2026-02-07 12:53:00,100.85113743505792,0.570819512859685,100.80836084650869,100.88045832657016,100.78794296157213
AMZN,2026-02-07 12:54:00,100.86941944673892,-0.12920352734202203,100.90452017502965,100.93748149477963,100.83078736465214
AMZN,2026-02-07 12:55:00,100.98968779904487,-0.4731117250437622,101.01286970137016,101.0249239703999,100.98102361645091
AMZN,2026-02-07 12:56:00,101.05250911919687,-0.08866696445562097,101.02323960435358,101.07195375893028,101.0203154131935
AMZN,2026-02-07 12:57:00,101.00422413717725,0.3084052833190602,100.95470918979468,101.01719007188339,100.91440265808636
AMZN,2026-02-07 12:58:00,100.85663173836149,0.1563939578434165,100.8907237307194,100.91406050060084,100.85649675871879
AMZN,2026-02-07 12:59:00,100.65736239227151,0.16383529271544514,100.69791291749273,100.7234695151676,100.63710212246794
AMZN,2026-02-07 13:00:00,100.55571169157697,0.6236258974964066,100.52447834626854,100.58864203950533,100.50247565592504
AMZN,2026-02-07 13:01:00,100.54545697061495,-0.04396210285596729,100.54399761061325,100.58605083578087,100.51784705968961
AMZN,2026-02-07 13:02:00,100.63985354251415,0.559252143202585,100.60040347629355,100.68892435176186,100.55490210107243
AMZN,2026-02-07 13:03:00,100.80942104509728,-0.14165609256827047,100.82128902787858,100.85353410081382,100.79804699980987
AMZN,2026-02-07 13:04:00,100.83800859900657,0.25494935494316706,100.81914906782477,100.87225042169324,100.7996950537816
AMZN,2026-02-07 13:05:00,100.95794075088912,-0.17146220254613037,100.946543679305,100.98053553905301,100.93349634926179
AMZN,2026-02-07 13:06:00,101.02298576852618,-0.24452059381666427,101.06496423357282,101.09175235784154,100.98652101590673
AMZN,2026-02-07 13:07:00,100.92122708926223,-0.4013445897433008,100.96676808643771,100.99731061810823,100.91466220198618
AMZN,2026-02-07 13:08:00,100.98415067113211,0.47671768365299627,101.03347455500858,101.06046527684853,100.9394949094347
AMZN,2026-02-07 13:09:00,100.95619253455143,0.3213420838413947,101.00240721046,101.03189173635532,100.94932676900642
AMZN,2026-02-07 13:10:00,100.92816900868984,-0.9933403237222133,100.90956123325019,100.97281298010144,100.88484305099844
AMZN,2026-02-07 13:11:00,100.77376761167517,0.610226065198839,100.74664746824203,100.80984085404711,100.71408803358159
AMZN,2026-02-07 13:12:00,100.75479894412679,0.49262643976149045,100.70488164963193,100.79451394861549,100.67725686801813
AMZN,2026-02-07 13:13:00,100.80080067552974,-0.17651193653199593,100.77081256741567,100.82420025707098,100.73327544113349
AMZN,2026-02-07 13:14:00,101.00584209425975,0.040371500507447755,101.00455675325415,101.02666118492719,101.0010562198741
AMZN,2026-02-07 13:15:00,101.04828547492176,-0.5973178310634818,100.99873506359498,101.07161490310745,100.98298008237713
AMZN,2026-02-07 13:16:00,101.20408550824737,0.3972383930637475,101.25127411775541,101.26129076604481,101.16480205332252
AMZN,2026-02-07 13:17:00,101.09903266122843,-0.5087714792623349,101.08550672672678,101.13210720254843,101.07944927593412
AMZN,2026-02-07 13:18:00,101.06759042937266,-0.12540595706048938,101.08196304850908,101.11743314898848,101.04406933004367
AMZN,2026-02-07 13:19:00,101.04923690133752,0.13936418308284906,101.02531049937686,101.09354175890444,100.99298384381055
AMZN,2026-02-07 13:20:00,101.166725463272,-0.42144540146773113,101.15461816948013,101.20022857158968,101.11211994560179
AMZN,2026-02-07 13:21:00,101.25516048674537,-0.06852416009703077,101.29909937085925,101.32137980230317,101.23523239538943
AMZN,2026-02-07 13:22:00,101.22705983714071,-0.33904984730078813,101.18448095130925,101.2638116201989,101.16415907388381
AMZN,2026-02-07 13:23:00,101.30025190491547,-0.03921408171682142,101.2942886302272,101.31101115672733,101.29021147055683
AMZN,2026-02-07 13:24:00,101.43596217123007,0.16425514137301178,101.43990903610471,101.45005351069105,101.40029203621039
AMZN,2026-02-07 13:25:00,101.3790511607304,0.10871306950681577,101.34976139574754,101.39484720926676,101.334692006488
AMZN,2026-02-07 13:26:00,101.35749920918546,-0.09718957132595452,101.37055164933462,101.41840378374458,101.32002128214465
AMZN,2026-02-07 13:27:00,101.3925704171045,-0.22592387895149899,101.34995527597574,101.41945731129945,101.34391987997795
AMZN,2026-02-07 13:28:00,101.55985324819997,0.3079748032191876,101.57423731693828,101.58322528305857,101.52898500486452
AMZN,2026-02-07 13:29:00,101.59689018007133,-0.2879310876147456,101.64099197073875,101.64937049178879,101.5606370632345
AMZN,2026-02-07 13:30:00,101.54019689640195,0.141996322710233,101.57592214158723,101.5805792227955,101.49161867753064
AMZN,2026-02-07 13:31:00,101.44119731472875,0.2504894938092359,101.45111975895875,101.4570337694109,101.3917066120693
AMZN,2026-02-07 13:32:00,101.45313826998041,0.10321252470316783,101.48592584917685,101.52648070639299,101.41760447629778
AMZN,2026-02-07 13:33:00,101.46574065069372,0.11032830193567017,101.46181445574001,101.51163780519428,101.43892941271979
AMZN,2026-02-07 13:34:00,101.7065059833495,0.21594594375268122,101.74552582623294,101.78055870772086,101.67688671801628
AMZN,2026-02-07 13:35:00,101.63874190818089,-0.5380338481953485,101.61457334322348,101.66372192339517,101.58114183464467
AMZN,2026-02-07 13:36:00,101.63625207165352,0.25098948509250346,101.5880664462857,101.67555946399216,101.57258989575041
AMZN,2026-02-07 13:37:00,101.6475876858364,0.050704172299093624,101.66592815963817,101.71427350783217,101.62821133772687
AMZN,2026-02-07 13:38:00,101.72080173212902,-0.2525729334779835,101.72452675653487,101.73143840512226,101.67698228452733
AMZN,2026-02-07 13:39:00,101.78245768242827,-0.35239759965602047,101.82279529068681,101.87259177955076,101.75836415526021
AMZN,2026-02-07 13:40:00,101.88939987265236,-0.3750932876751541,101.86796227088973,101.91503833538954,101.857189925059
AMZN,2026-02-07 13:41:00,101.87407527103395,-0.15426029013338127,101.92016840569536,101.95836766843215,101.84987255090762
AMZN,2026-02-07 13:42:00,101.98700240355305,0.13760225808639384,102.00043594625953,102.0272997659989,101.94557777925854
AMZN,2026-02-07 13:43:00,102.06136334694445,0.4532700074069367,102.01720974441241,102.06410623964699,101.975058256004
AMZN,2026-02-07 13:44:00,101.96687841455372,-0.09938812113162171,102.00403224359567,102.01992899494228,101.9506302210478
AMZN,2026-02-07 13:45:00,101.94221268986956,0.3619745900358095,101.98693827899744,102.03214755981311,101.91536671418707
AMZN,2026-02-07 13:46:00,102.03728801623188,-0.33409218628404913,102.05569301751525,102.1015286405693,102.01471279614901
AMZN,2026-02-07 13:47:00,102.01706937161198,0.7678696640272842,102.01936681532345,102.0295021325254,101.9723419025295
AMZN,2026-02-07 13:48:00,101.9476809379067,-0.550796023932966,101.96201418875951,101.96329493339017,101.9167423820408
AMZN,2026-02-07 13:49:00,101.98356150333271,0.5340625606210143,101.96110055923567,102.02553890961988,101.94520358580245
AMZN,2026-02-07 13:50:00,102.06725915511294,0.1473885837282672,102.03686228492322,102.07310567162988,102.0005109901311
AMZN,2026-02-07 13:51:00,101.86965216460916,0.19194393494888062,101.84329399539679,101.88999844479515,101.82145756363425
AMZN,2026-02-07 13:52:00,101.90272454396568,-0.9276699622957593,101.90707807716196,101.94821833238825,101.87063285166704
AMZN,2026-02-07 13:53:00,101.92718819902794,0.23940279197515044,101.92652563034446,101.96211214078356,101.91511000659757
AMZN,2026-02-07 13:54:00,101.99431221946188,0.029793763019155463,101.96722711107066,102.00877283046894,101.93022545084563
AMZN,2026-02-07 13:55:00,101.77137811460318,-0.12123062918609795,101.80026360879609,101.81976474132303,101.76650746528186
AMZN,2026-02-07 13:56:00,101.9093102463111,-0.49719607395964727,101.89155688612969,101.92760429081008,101.88425713743436
AMZN,2026-02-07 13:57:00,101.85461356521742,-0.1366265771696199,101.87745729233578,101.89908877507386,101.83494211121572
AMZN,2026-02-07 13:58:00,101.85558775447106,-0.1769931867053916,101.89947283970092,101.89975626091675,101.82326862403757
AMZN,2026-02-07 13:59:00,101.8912511086304,-0.21246727554430214,101.92562900992957,101.94724461742773,101.84245179221074
AMZN,2026-02-07 14:00:00,101.95572323923773,0.13289226750532676,101.95907105934468,101.97262451922828,101.9405977390615
AMZN,2026-02-07 14:01:00,101.96482904556487,-0.82573497448881,101.92722400466918,102.00800051015437,101.91478236139439
AMZN,2026-02-07 14:02:00,101.8602957098365,0.6236600533045875,101.87202368099207,101.89598330438817,101.84751610574318
AMZN,2026-02-07 14:03:00,101.9560010120293,-0.3771442795882276,101.97218880426894,102.00637245057655,101.92204650630572
AMZN,2026-02-07 14:04:00,101.96226106423022,-0.8555712394625486,101.91793601030157,101.99245160603186,101.9053326939773
AMZN,2026-02-07 14:05:00,101.99134915764148,-0.09653299883422795,101.99910814520393,102.04645433607855,101.96144277319316
AMZN,2026-02-07 14:06:00,101.94953704716687,0.5352854995312132,101.94292367473209,101.95567958465806,101.93414820448261
AMZN,2026-02-07 14:07:00,101.96945898517276,-0.3082566390051958,101.96726918161269,102.00811307815552,101.94597992911218
AMZN,2026-02-07 14:08:00,102.08843872114112,-0.31155812586465503,102.08154350407762,102.11477043181661,102.05922692824423
AMZN,2026-02-07 14:09:00,102.1231102600808,0.6150682855513034,102.08385642159477,102.12351835863701,102.0453559809938
AMZN,2026-02-07 14:10:00,102.17776765576336,-0.7394974570459089,102.16190460839444,102.17965836075908,102.11396036925377
AMZN,2026-02-07 14:11:00,102.30867563741735,-0.24594974600962094,102.27246128665962,102.34707037342763,102.26514013991309
AMZN,2026-02-07 14:12:00,102.20819546242049,-0.07236131806830985,102.18275686164327,102.2427726641644,102.17429633610416
AMZN,2026-02-07 14:13:00,102.23281916702135,0.2614563749261389,102.22810932755294,102.26731552057778,102.21303246024716
AMZN,2026-02-07 14:14:00,102.20039770187329,-0.19781203977611458,102.16307517566504,102.2221278804016,102.1228071405328
AMZN,2026-02-07 14:15:00,102.17560391282345,0.2616182842082642,102.20002838040779,102.21121220720327,102.13082143299282
AMZN,2026-02-07 14:16:00,102.02849534346534,-0.16661211939830367,102.01360083306406,102.05931578906745,102.00012495855053
AMZN,2026-02-07 14:17:00,102.0489814634975,0.12163482768123945,102.09761627498588,102.10451461657516,102.00144000719786
AMZN,2026-02-07 14:18:00,102.00923307031516,-0.12068268399022163,102.03658921809934,102.04335480247148,101.9789231897858
AMZN,2026-02-07 14:19:00,102.02171116516818,-0.07487464274918608,102.05376403151006,102.0863486841741,101.97955665450942
AMZN,2026-02-07 14:20:00,101.9110229254571,-0.7207640282146494,101.89126475823964,101.92569497482914,101.87825920190232
AMZN,2026-02-07 14:21:00,101.9225621637351,0.5876300410710521,101.94285612741207,101.97333022591981,101.90480323136303
AMZN,2026-02-07 14:22:00,101.98586901173378,0.7181861036429019,101.94077027517123,102.02512281016354,101.90402926415376
AMZN,2026-02-07 14:23:00,102.04224998508519,0.3911703793511437,102.0304354606616,102.07655713283577,102.02972743780481
AMZN,2026-02-07 14:24:00,101.93171521145315,0.09467326861767107,101.90213433507334,101.93947025867413,101.86123966066671
AMZN,2026-02-07 14:25:00,102.0373320448709,0.579405618113113,102.03049811705377,102.08325181339838,102.01796295348123
AMZN,2026-02-07 14:26:00,102.12604234242592,0.4074846353309008,102.10126549595033,102.17181148216464,102.07966005105273
AMZN,2026-02-07 14:27:00,102.23360307475349,-0.49166925821533414,102.1898036528033,102.27343901497206,102.18687635477217
AMZN,2026-02-07 14:28:00,102.30616425883325,-0.029152931688249173,102.26703552700381,102.35098407534556,102.25995604236687
AMZN,2026-02-07 14:29:00,102.33380647585437,0.22982168848789924,102.3771186450264,102.40766080917032,102.31384306599351
AMZN,2026-02-07 14:30:00,102.33806573515496,0.17340398470774693,102.30303835485202,102.36689264069628,102.29694938593374
AMZN,2026-02-07 14:31:00,102.18925145032313,-0.08336165177640835,102.20286569650779,102.23189608560614,102.14407469052277
AMZN,2026-02-07 14:32:00,102.15660742401296,0.044344868020768334,102.11325278131268,102.20537697465888,102.09507619457568
AMZN,2026-02-07 14:33:00,102.16101621479521,0.33002593434239574,102.20098144391288,102.23261693819495,102.15401359310573
AMZN,2026-02-07 14:34:00,102.28927398098071,0.2414732989614523,102.29043654507178,102.30121582035383,102.2495631527097
AMZN,2026-02-07 14:35:00,102.28644009679093,0.013247456123212382,102.31049171752936,102.31956919951085,102.24340249152401
AMZN,2026-02-07 14:36:00,102.21624440265627,0.033036552643776106,102.25679267773805,102.28157778501375,102.21614267545696
AMZN,2026-02-07 14:37:00,102.14354610332241,0.16072832321396038,102.13089262705957,102.15021926391351,102.12219932938824
AMZN,2026-02-07 14:38:00,102.28073402270593,-0.11162074820141901,102.25619997333607,102.31776443373873,102.24927271306022
AMZN,2026-02-07 14:39:00,102.2348729682213,0.001315121049218495,102.19308053014358,102.25173340121584,102.18331098498747
AMZN,2026-02-07 14:40:00,102.18592143634477,-0.1726101720260449,102.13810580537532,102.18776404429923,102.13127219135268
AMZN,2026-02-07 14:41:00,101.99637924883329,-0.6069446383669427,102.00126201035462,102.04571730223465,101.9748356134863
AMZN,2026-02-07 14:42:00,102.03790234781209,0.40900400645357415,102.01826089646215,102.06842089716913,101.972645345122
AMZN,2026-02-07 14:43:00,101.89156627678719,-0.542502573630203,101.91314434395328,101.94223144377294,101.89051968209758
AMZN,2026-02-07 14:44:00,101.72274648307396,-0.0869639001106584,101.77271258784391,101.81363969821582,101.72169069393694
AMZN,2026-02-07 14:45:00,101.70672305694194,0.23678004135038214,101.74031726849961,101.76597118017922,101.68738448766725
AMZN,2026-02-07 14:46:00,101.74640422565217,0.3358365460192693,101.72660839429936,101.79085578655933,101.72258658616367
AMZN,2026-02-07 14:47:00,101.65995419601005,-0.04482897725451775,101.62874559254942,101.69882259056247,101.58808195582895
AMZN,2026-02-07 14:48:00,101.59775887902569,-0.34281146880633734,101.61896724120479,101.62081734163333,101.58920223329096
AMZN,2026-02-07 14:49:00,101.76394224893161,0.45943810179464273,101.71774936792809,101.80381122782899,101.6692769062601
AMZN,2026-02-07 14:50:00,101.99030814557183,0.21250946400879284,101.9924191636821,101.99326209478751,101.98719990555877
AMZN,2026-02-07 14:51:00,101.92024742466165,0.497022804151463,101.9418743772984,101.95608310246696,101.8981720953216
AMZN,2026-02-07 14:52:00,101.82470867802836,-0.0640071494827365,101.87059625595165,101.89887480236555,101.8177033786382
AMZN,2026-02-07 14:53:00,101.80747242847958,0.33125981579466335,101.80675603322608,101.81194242641217,101.78006560652707
AMZN,2026-02-07 14:54:00,101.82953420051305,-0.36343369525912744,101.78006358811288,101.83673930903167,101.76115934003452
AMZN,2026-02-07 14:55:00,101.82430044677938,-0.3877557438537534,101.80663765639719,101.86133804255624,101.7817226747773
AMZN,2026-02-07 14:56:00,101.95939083972821,0.5643185989542969,101.98645533997404,102.02371333614734,101.93565955325093
AMZN,2026-02-07 14:57:00,101.99287319518362,-0.028083312748249073,101.96940703461567,102.0022794064987,101.93598645647765
AMZN,2026-02-07 14:58:00,102.17825512482543,-0.22707696922797327,102.21877242350912,102.2550567192374,102.13300006225177
AMZN,2026-02-07 14:59:00,102.2537394162315,0.9147416264468735,102.2386446350181,102.25476751683011,102.223925963548
AMZN,2026-02-07 15:00:00,102.2152377374999,-0.21274763803230218,102.2114062852451,102.23955613579457,102.16631493985209
AMZN,2026-02-07 15:01:00,102.28046201265862,0.850112073735431,102.24206568507937,102.2870099868929,102.19780639790304
AMZN,2026-02-07 15:02:00,102.41458153368339,-0.4293652050780501,102.36982043449203,102.42436504370204,102.3360025832203
AMZN,2026-02-07 15:03:00,102.1628057656325,-0.7860330329361974,102.15842501630966,102.18085159100293,102.152807193175
AMZN,2026-02-07 15:04:00,102.02602611691331,-0.06891720937650683,102.041788781962,102.07726091655171,102.00065090394581
AMZN,2026-02-07 15:05:00,101.98777320200587,0.2722228239968237,101.958840441966,101.99373321153269,101.94118543246074
AMZN,2026-02-07 15:06:00,101.90361465448626,-0.9218266241722186,101.90184222497591,101.91718744748243,101.89821033099491
AMZN,2026-02-07 15:07:00,101.8141838702878,-0.3434298990557394,101.77126323330704,101.82186649907474,101.73944326240205
AMZN,2026-02-07 15:08:00,101.90352164299287,1.0,101.90326476069863,101.90942630098374,101.87203038075101
AMZN,2026-02-07 15:09:00,101.54106790362358,-0.3216389888966741,101.5787347088193,101.58576071570246,101.53915463205028
AMZN,2026-02-07 15:10:00,101.44636953840269,0.5608825764997984,101.42034049175196,101.46960612777511,101.39389650910063
AMZN,2026-02-07 15:11:00,101.49672405063527,0.03564323902969257,101.4541855186875,101.5167201460808,101.41469701913076
AMZN,2026-02-07 15:12:00,101.43929455203954,-0.8103156616460914,101.39998300994729,101.47235024344698,101.39114123056436
AMZN,2026-02-07 15:13:00,101.50379529957056,-0.021522979908044252,101.5341676700312,101.57879339395832,101.46972493807075
AMZN,2026-02-07 15:14:00,101.55032821772329,-0.15120253684180374,101.57450353889189,101.61536113019139,101.54002050491238
AMZN,2026-02-07 15:15:00,101.64610050786975,0.1324900468693272,101.6303447040422,101.68674990171104,101.62609876472031
AMZN,2026-02-07 15:16:00,101.79166877773892,0.5085908531628163,101.78683683764017,101.79638151630965,101.74033005448786
AMZN,2026-02-07 15:17:00,101.85183018123165,0.44947171463094837,101.84675100723982,101.86241063824747,101.82099781773857
AMZN,2026-02-07 15:18:00,101.83626820263365,-0.09727536861508151,101.829007288405,101.86096852677208,101.82720239712343
AMZN,2026-02-07 15:19:00,101.78765073737911,0.09466441915807003,101.75638633121373,101.79131565085892,101.72580016476212
AMZN,2026-02-07 15:20:00,101.5991879047154,-0.18812022365070963,101.5627633134617,101.63267373759511,101.52429346016405
AMZN,2026-02-07 15:21:00,101.70379513804188,-0.4832568078122263,101.68651116290009,101.70523960622666,101.68636631698419
AMZN,2026-02-07 15:22:00,101.68484262113373,-0.12755374810905437,101.67585145721716,101.71922716144645,101.63903794533725
AMZN,2026-02-07 15:23:00,101.65230011501008,-0.5208178889252183,101.63011259913333,101.68744255910988,101.61795473835195
AMZN,2026-02-07 15:24:00,101.72067842776248,0.838273634678407,101.75823362544098,101.78179834615524,101.68616181635333
AMZN,2026-02-07 15:25:00,101.8150620480612,-0.5562153109935751,101.80124861746957,101.83551487504103,101.78955755542205
AMZN,2026-02-07 15:26:00,101.8388705153059,0.653796469490464,101.82385577598093,101.87802423689175,101.81507328086023
AMZN,2026-02-07 15:27:00,101.89369801571569,0.33878411468468284,101.89942327192477,101.90540013472733,101.88797726487772
AMZN,2026-02-07 15:28:00,101.82773172957465,-0.3636803244099242,101.85990992701451,101.87567465614858,101.78958894338668
AMZN,2026-02-07 15:29:00,101.73525659798375,0.29103221693129316,101.71297197154145,101.76884403894233,101.67059365560426
AMZN,2026-02-07 15:30:00,101.75795321466455,-0.2414327132810999,101.77448764129518,101.82118764243562,101.73166447701915
AMZN,2026-02-07 15:31:00,101.84937527844079,0.19663217082375023,101.82015797866175,101.88546777633269,101.7716176377892
AMZN,2026-02-07 15:32:00,101.8118132429583,-0.542285328761343,101.78799541486212,101.82296889788788,101.76244374541768
AMZN,2026-02-07 15:33:00,101.81843305539529,0.5851159715909091,101.8456557680015,101.88410163128775,101.8128470136906
AMZN,2026-02-07 15:34:00,101.8144493931472,-0.2850733833951169,101.76947071601042,101.86279934096063,101.73866197493594
AMZN,2026-02-07 15:35:00,101.67390886201356,0.32943601698131464,101.70917565599294,101.7250748420206,101.6362952632478
AMZN,2026-02-07 15:36:00,101.51750104122478,-0.008931043995486583,101.50087624240336,101.5296732937671,101.49836646402377
AMZN,2026-02-07 15:37:00,101.53718104247667,-0.17037967878851631,101.55389527383505,101.55629768578467,101.53580003907574
AMZN,2026-02-07 15:38:00,101.68433311110627,0.7555289948666132,101.65381206204486,101.69821092896564,101.62008488505344
AMZN,2026-02-07 15:39:00,101.70876612901529,-0.25870838508782446,101.68109101777368,101.7467552023262,101.6507278272341
AMZN,2026-02-07 15:40:00,101.75683186571196,-0.1224138980227345,101.75123444272326,101.78022801734376,101.70588957737986
AMZN,2026-02-07 15:41:00,101.60243581736336,0.0319178360378852,101.64322663697271,101.64683400000095,101.60167368540452
AMZN,2026-02-07 15:42:00,101.58331254472365,0.3768227489974096,101.53470114163582,101.62181203170351,101.4889641801268
AMZN,2026-02-07 15:43:00,101.64332612406658,0.7187691085314722,101.59581441433079,101.67001205795506,101.58796811733438
AMZN,2026-02-07 15:44:00,101.78164514000382,0.10946647972222504,101.75568449563212,101.79954756191205,101.75180582621677
AMZN,2026-02-07 15:45:00,101.79368129040081,-0.005553917508731521,101.77362323887189,101.81849711532044,101.7262171099587
AMZN,2026-02-07 15:46:00,101.69588692122778,0.3742651581851556,101.74312829379487,101.7571854536872,101.68397136242724
AMZN,2026-02-07 15:47:00,101.7863531701258,-0.5961152695246849,101.75239261455286,101.79840909192862,101.7272870630261
AMZN,2026-02-07 15:48:00,102.01176521105354,0.9714201634095748,101.99928875885058,102.05426367215101,101.96537725786202
AMZN,2026-02-07 15:49:00,102.16200756227867,-0.1702242767861342,102.18671195617678,102.22384571005051,102.13614935768054
AMZN,2026-02-07 15:50:00,102.02678805251932,-0.010564582388791157,102.04512221786561,102.0876397471712,102.00246877817663
AMZN,2026-02-07 15:51:00,101.92762997119203,0.28003192140559474,101.93251940431422,101.9787493692574,101.90972818350268
AMZN,2026-02-07 15:52:00,102.02779395997382,-0.05586499224648977,102.03317441552524,102.07228680633823,101.98755894292628
AMZN,2026-02-07 15:53:00,102.1475065562152,0.3240914505307916,102.13357541311242,102.17954416696504,102.10360620554037
AMZN,2026-02-07 15:54:00,102.03805471835342,-0.25803580870891535,102.00540404504123,102.05935824510394,101.96186691172342
AMZN,2026-02-07 15:55:00,102.14352550790238,0.02428897334209373,102.12068551974755,102.16745810902586,102.09343544160853
AMZN,2026-02-07 15:56:00,102.28573290195031,0.10418175358671143,102.25524646607616,102.30303583700675,102.24801359336428
AMZN,2026-02-07 15:57:00,102.209946897245,-0.2750307847813594,102.22505367460711,102.23652060541397,102.20578875265085
AMZN,2026-02-07 15:58:00,102.41935352942743,1.0,102.46820088649099,102.5012454786622,102.38636041356514
AMZN,2026-02-07 15:59:00,102.46402611139011,-0.8565722550518997,102.47135839811887,102.51590554780579,102.44350403079342
